Title,Ingredients,Steps,Author,Servings,Link
Sambal Goreng Krecek,"['80 gram kacang tolo atau kacang tunggak yang sdh direbus', '10 buah tahu kulit yg coklat', '50 gram krupuk kulit atau krecek', '2 lembar daun salam', '2 batang sereh', '1 jempol lengkuas', 'Secukupnya air', '2 sdt Gula Pasir Rose Brand', '1 sdt Micin Asatu', 'Secukupnya garam', '1 bungkus Santan Rose Brand 65 ml', 'Secukupnya Minyak Goreng Rose Brand untuk menumis', '1 sdt ketumbar', '4 butir kemiri matang', '7 buah bawang merah', '5 buah bawang putih', '10 buah cabe merah keriting', '8 buah cabe rawit merah', '1/2 sdt kunyit bubuk']","['Siapkan bahan2nya, gula pasir, Micin Asatu, santan dan minyak goreng semuanya dari Rose Brand, dan siapkan juga tahu coklat potong2, kacang tolo yg sdh direbus dan kerupuknya', 'Panaskan minyak goreng Rose Brand lalu tumis bumbu halus masukkan juga bumbu aromatik nya tumis sampai harum dan matang', 'Masukkan air, gula pasir Rose Brand, Micin Asatu Rose Brand, dan garam aduk rata', 'Masak sampai mendidih lalu masukkan kacang tolo dan tahunya', 'Aduk rata masak sampai bumbu meresap lalu masukkan krupuk kulitnya aduk rata', 'Terakhir masukkan santan Rose Brand aduk rata masak sampai mendidih jangan lupa koreksi rasa dan siap disajikan, selamat mencoba 😍']",Dapur Dien,3 orang,https://cookpad.com/id/resep/25806289
1030. Tempe Mendoan Daun Kucai dengan Sambal Kecap,"['5 lembar Tempe mendoan (saya 6 lembar)', '125 gr Terigu segitiga (saya pakai kunci biru)', '25 gr Tepung beras', 'secukupnya Garam (saya 1 sdt)', 'Secukupnya Kaldu bubuk (saya 1/2 sdt)', '1/4 sdt micin (me)', 'secukupnya Air (saya pakai 200ml)', 'secukupnya Minyak untuk menggoreng', '2 batang Daun bawang, iris tipis (saya pakai 5 rumpun daun kucai)', 'sejumput Kunyit bubuk (saya 1/4 sdt)', ' Bumbu halus:', '2 siung Bawang merah', '2 siung Bawang putih', '1/2 sdt Ketumbar sangrai', ' Bahan sambal kecap:', '3 siung Bawang merah, potong', '5 buah Cabai rawit, potong', '2 sachet Kecap manis (saya 2 tbs)']","['Campur terigu, tepung beras, garam, kaldu bubuk, micin dan kunyit', 'Masukkan bumbu uleg dan kucai ke adonan, tambahkan air, aduk rata.', 'Celupkan tempe ke adonan, goreng dalam minyak panas hingga setengah matang atau sesuaikan selera tingkat matangnya.', 'Untuk sambal kecap, iris bawang merah dan cabai rawit, campur dengan kecap manis.', 'Sajikan tempe mendoan hangat dengan sambal kecap.']",Eni henie,6 pcs,https://cookpad.com/id/resep/25805728
Pecel Terong,"['7 terong ukuran kecil', '5 siung bawang putih', '3 siung bawang merah', '10 buah cabai rawit setan', '1 ruas kencur', '3 lembar daun jeruk', '1 sendok teh gula pasir', 'Secukupnya garam', '300 ml santan panas atau hangat']","['Siapkan terong kemudian belah dua', 'Panggang di atas teflon', 'Siapkan bawang merah bawang putih cabe kencur garam gula pasir dan juga daun jeruk yang sudah dibuang tulangnya', 'Ulek hingga halus kemudian tambahkan dengan santan panas', 'Siapkan terong kemudian masukkan ke dalam cobek yang sudah berisi bumbu santan tambahkan juga tempe goreng dan ayam goreng', 'Pecel terong siap disajikan']",Dessy Solehyanti,4 orang,https://cookpad.com/id/resep/25805701
Otak-Otak Udang Goreng,"[' Bahan otak-otak :', '250 g udang', '2 siung bawang putih', '1 btg daun bawang. Iris tipis', '1 btr putih telur', '3/4 sdt garam', '1/2 sdt lada bubuk', '1/2 sdt kaldu bubuk', '100 gram tepung sagu', ' Bahan cuko :', '12 siung bawang putih', '15 bj cabe rawit', '300 ml air', '200 g gula aren', '50 g asam jawa', '3/4 sdt garam', '3 sdm kecap manis']","['Haluskan udang dan bwg putih.', 'Masukkan semua bahan jadi 1. Aduk hingga rata.', 'Ambil adonan, bentuk adonan. (Taburi tangan dg sagu jika lengket). Rebus di air yg mendidih hingga mengapung. Angkat & tiriskan. Goreng.', 'Cuko : Blender bwg putih dan cabe.', 'Masak semua bahan jadi 1 hingga gula mencair dan mendidih,sekitar 20 menitan. Saring dan buang ampas2nya. Simpan dlm botol kaca.', 'Kecapnya gak mengganggu rasa cukonya menurut saya, tapi bisa di skip kalau mau.']",Trikartikafrilia,15 bh,https://cookpad.com/id/resep/25805068
Nasi Tumpeng,"['3 liter beras sedang', '3 liter santan kental (65ml + 2 buah kelapa)', '10 batang Serai', '10 lembar daun salam', '5 lembar daun jeruk', '2 ruas lengkuas', '5 SDM garam', ' Isian dari nasi tumpeng', '5 papan tempe', '5 bungkus mie 3 telor']","['Siap kan bahan2', 'Cuci beras sampe bersih kemudian rendam am air kunyit selama kurang lebih 30 menit', 'Kemudian kukus selama 30-45 menit sampe beras keket.. Atau setengah matang jgn lupa kasih sebatang serai, daun salam, lengkuas am daun jeruk', 'Kemudian rebus santan bersama, serai, daun salam, lengkuas, daun jeruk kasih garam sampe mendidih', 'Setelah beras keket and setelah setengah matang angkat pindahkan ke baskom kemudian siram santan dalam keadaan mendidih. Siram sampe basah and merata', 'Kemudian diamkan dulu kurang lebih 15 menit agar santan lengket kedlm beras. Setelah keket kukus kembali selama 45-1 jam agar benar2 matang. Sering diaduk agar matangny sempurna', 'Kita buat orek tempe ut tambahan nasi tumpengnya. Iris tempe kemudian goreng. Kemudian bumbu kan dengan bawang putih am bawang merah di Iris kasih kecap. Krn ng pedas ut anak2 sd', 'Lalu sajikan ditempat bento kita bentuk nasi kuning yg sudah matang, mie goreng am orek tempe, timun, bawang goreng']",Isye Ilawaty,30 box,https://cookpad.com/id/resep/25805297
Pempek Dos,"['200 gram tepung tapioka Rose Brand', '200 gram tepung terigu', 'secukupnya Garam', '300 ml kuah udang', '3 siung Bawang putih', ' Kuah cuko', '500 gram gula aren', '4 siung bawang putih', '50 gram ebi', 'secukupnya Air', '5 buah cabe rawit hijau', ' Pelengkap : Timun']","['Siapkan bahan bahan', 'Dengan panci kita rebus air udang trs masukin bawang putih yg sudah dihaluskan masak sampe mendidih kemudian masukan tepung terigu masak kembali sampe kalis', 'Angkat pindahkan ke wadah besar tunggu sampe uapnya ilang kemudian masukan telor aku di mixer agar adonan lembut. Kemudian masukan tepung tapioka Rose Brand aduk agar tercampur rata..', 'Adonan bisa di bentuk kl lenjer tgl memanjang. Kemudian masak air sampe mendidih ksh minyak sedikit. Masukan lenjer ny', 'Membuat yg isi telor.. Aku pake telor puyuh buat dulu corongnya agak kedlm ya.. Kemudian gunting ujung telor masukan jgn sampe kena adonan telornya nt ng bs dilipat. Kemudian lipat lalu rebus sampe mengapung masak dulu agar matang sempurna', 'Untuk cuko masak gula aren sampe mendidih tambahkan asem Jawa. Haluskan bawang putih, ebi and cabe rawit masukan ke dlm nya ksh garam kemudian saring', 'Sudah matang diangkat pindahkan']",Isye Ilawaty,6 orang,https://cookpad.com/id/resep/25804853
Gulai Daun Singkong Kecombrang,"['1 ikat Daun Singkong', '1 bh Bunga Kecombrang', '1 bgks Bumbu Gulai Instan Selera', '7 btr Bawang Merah iris', '4 Siung Bawang Putih iris', '2 lbr Daun Salam', '65 ml Santan Instan', '600 ml Air bersih', 'secukupnya Garam, Gula, Penyedap Rasa']","['Siapkan bumbu iris, Daun Singkong yang sudah di rebus lalu diiris.', 'Masukkan Perbumbuan dalam panci dan tambahkan air, biarkan sampai mendidih.', 'Tambahkan potongan Daun Singkong, aduk rata.', 'Sebelum mendidih tambahkan Santan Instan, Gula, Garam serta Penyedap rasa aduk rata. Koreksi rasanya, tunggu mendidih sambil diaduk.', 'Sajikan.']",Widjie Astuti,Sekeluarga,https://cookpad.com/id/resep/25778460
"Opor putih ayam,tahu,telur","['4 potong ayam (saya pakai paha bawah)', '4 butir telur,rebus dan kupas', '5 potong tahu coklat segitiga', '1 pack santan kara', 'Secukupnya garam,totole,gula pasir', 'Secukupnya Minyak untuk menu', 'Secukupnya air', '5 lembar daun jeruk', '3 batang serai', 'Sejempol lengkuas,geprek', '5 siung bawang merah', '3 siung bawang putih', '1/2 sdt ketumbar', '4 buah kemiri', 'Seruas jempol jahe']","['Tumis bumbu halus dan bumbu cemplung hingga bumbu matang.', 'Setelah bumbu matang,masukkan ayam aduk rata masak sebentar.', 'Setelah bumbu tercampur rata, masukkan air. Masak hingga ayam matang.setelah ayam matang masukkan tahu dan telur.', 'Setelah semua matang, bumbui dan koreksi rasa. Setelah semua sudah pas, masukkan santan aduk rata dan biarkan mendidih.', 'Sajikan dengan nasi hangat atau lontong,taburi dengan bawang goreng']",Dapur Tabby,2-3 orang,https://cookpad.com/id/resep/25804461
Rica Rica ceker kemangi,"['1/2 kg ceker ayam (rebus terpisah sampai empuk ya bun)', '300 ml air', '3 sdm minyak goreng', '1 ikat kemangi', '10 cabe merah keriting', '8 bawang merah', '3 bawang putih', '3 butir kemiri', '2 ruas jari jahe', '2 ruas jari kunyit', '2 buah tomat, potong sesuai selera', 'secukupnya Cabai rawit', '1 batang serai', '3 lembar daun jeruk', ' Garam', ' gula', ' lada']","['Siapkan semua bahan yang dibutuhkan', 'Haluskan bumbu, kemudian tumis menggunakan minyak goreng. Hingga harum dan berminyak', 'Masukkan garam, gula dan. Aduk rata', 'Masukkan bumbu iris dan aromatik', 'Masukkan ceker dan air. Aduk rata hingga bumbu dan ceker tercampur', 'Masak hingga mendidih, ceker empuk dan air menyusut.', 'Cek rasa. Terakhir masukkan kemangi dan aduk hingga rata. Rica-rica ceker kemangi siap disajikan bun 🥰']",Liliana Desy,2 org,https://cookpad.com/id/resep/25804313
Sambal roa,"['300 gr ikan roa asap halus', '100 gram cabai keriting', '200 gram cabai merah rawit', '10 siung bawang putih', '100 gram bawang merah', '1 sdt garam', '1/2 sdt gula pasir', '30-50 ml minyak goreng']","['Cuci bersih cabai & bawang lalu masukkan ke dalam blender, tambahkan 30 - 50 ml minyak goreng, kemudian blender semua bumbu. Bisa diblender kasar saja supaya ada teksturnya.', 'Masukkan bahan sambal yang sudah diblender ke wajan dan aduk hingga harum.', 'Tambahkan garam dan gula secukupnya. Lalu aduk hingga rata.', 'Masukkan bubuk ikan roa ke dalam bumbu, aduk kembali hingga rata menggunakan api kecil, hingga sambal matang. Setelah matang koreksi rasa, jika kurang asin bisa ditambahkan garam dan diaduk kembali.']",Arun Smieszek,2 jar kecil,https://cookpad.com/id/resep/25803896
#814. Sambal Goreng Kentang Tahu,"['500 gr kentang kupas potong dadu cuci goreng matang', '5 buah tahu kuning potong dadu cuci goreng matang', 'Secukupnya minyak goreng', ' Bumbu :', '3 buah cabe merah besar', '4 buah cabe merah keriting', '3 buah cabe rawit merah (opsi)', '6 buah bawang merah', '3 buah bawang putih', '4 butir kemiri sangrai (opsi)', '1/2 buah tomat (opsi)', '1/2 buah bawang bombay cincang kasar', '2 lembar daun salam', '2 lembar daun jeruk (opsi)', '1 batang serai memarkan', '3 cm lengkuas memarkan', '1 sdt garam', '1,5 sdt gula pasir (sesuai selera)', '1 sdt kaldu bubuk', '65 ml santan (opsi)', '100 ml air panas']","['Siapkan semua bahan panaskan minyak goreng kentang dan tahu sampai matang angkat tiriskan', 'Haluskan bumbu kecuali bumbu aromatik panaskan 4 sdm minyak goreng tumis bawang bombay sampai layu masukkan bumbu halus dan bumbu aromatik aduk² sampai harum dan matang juga mengeluarkan aroma', 'Tuang sedikit air (saya tidak pakai santan) ke dalam bumbu beri garam, gula dan kaldu bubuk aduk rata masukkan kentang juga tahu aduk kembali sampai terbalut bumbu biarkan bumbu meresap dan air menyusut koreksi rasa jika sudah pas angkat sajikan dan nikmati selagi masih hangat']",Dapoer Ciptasari (Memasaklah dgn hati dan cinta),Sedang,https://cookpad.com/id/resep/25782887
Sambal Terasi Kukus,"['5 Cabe merah keriting', '5 Cabe rawit', '1 Buah tomat ukuran sedang', '4 Siung bawang merah', '2 Siung bawang putih', '1 Kotak terasi ABC', 'sesuai selera Garam', 'sesuai selera Gula', 'sesuai selera Penyedap', ' Lalapan Rebusan', '1 Terong ungu ukuran sedang', '1 Pare ukuran sedang']","['Cuci bersih bahan untuk sambal, lalu potong2.', 'Masukan semua bahan sambal dan terasi kedalam mangkuk', 'Cuci bersih terong dan pare, lalu potong2. Tips supaya pare gak begitu pahit, wajib cuci dulu sampe bersih sebelum dipotong2. Intinya jangan sampai terkena air setelah dipotong2.', 'Lalu kukus semua bahan sambal dan lalapan selama kurang lebih tiga puluh menit.', 'Setelah matang, uleg bahan sambal,, lalu siap dihidangkan bersama lalapan, tahu tempe goreng dan telur dadar.. selamat menikmati 🤗']",Dhian Rahma,Unknown,https://cookpad.com/id/resep/25803268
Tahu Bakso Sambal Kacang,"['20 buah tahu coklat segitiga', '250 gr ayam giling', '200 gr tepung tapioka Rose Brand', '3 siung bawang putih cincang/haluskan', '1 batang daun bawang iris tipis', '2 sdm bawang goreng', '1 sdt garam', '1 sdm gula pasir Rose Brand', '1/2 sdt Micin Asatu Rose Brand', '1/2 sdt lada bubuk', '2 butir putih telur', '50 ml air es', ' Sambal/saus kacang', '250 gr kacang tanah', 'Secukupnya minyak goreng', '10 buah cabai rawit', '10 buah cabai merah keriting', '1 sdt garam', '2 sdt Gula Pasir Rose Brand', '2 sdm cuka masak', '1/2 sdt Micin Asatu Rose Brand', '200 ml air']","['Ambil 1 tahu kerat seperti gambar beri isian sampai penuh, lakukan hingga selesai', 'Siapkan semua bahan baso Aci, dalam wadah tuang semua bahan isian kecuali tambahkan Micin Asatu Rose Brand dan Gula Pasir Rose Brand aduk merata.', 'Tata di panci kukus oles dasarnya dengan minyak supaya tidak lengket, kukus di api sedang selama 20 menit. Setelah matang sajikan hangat bersama saus kacang/ sambal kecap/saus botolan. Favorit saya dengan saus kacang 🥜🥜', 'Bisa juga goreng dahulu seperti batagor, sebelum di sajikan.', 'Selagi menunggu di kukus buat saus nya, haluskan kacang yang sudah di goreng dan cabai, beri sedikit minyak untuk membantu proses penghalusan. Siapkan bersama bahan lainnya. Panaskan secukupnya minyak tuang kacang beri air aduk merata', 'Tambahkan Micin Asatu Rose, Gula Pasir Rose Brand dan bumbu lain koreksi rasa masak hingga harum dan tanak. Tambahkan air jika di rasa terlalu kental']",Ummu Isa,20 pcs,https://cookpad.com/id/resep/25389398
Sambal Buncis Udang Rebon,"['300 gr buncis muda', '50 gr tempe goreng', '1 SM saus tiram', 'secukupnya Garam dan kaldu bubuk', '150 gr air matang', 'Secukupnya minyak', '1 SM udang rebon', '5 buah cabe rawit merah', '3 buah cabe merah', '4 siung bawang merah', '5 siung bawang putih', '1 sdt terasi goreng']","['Siangi, potong dan bersihkan buncis, cuci dan tiriskan udang rebon, siapkan tempe goreng', 'Panaskan minyak. Blend bumbu hingga halus, kemudian goreng hingga matang dan berminyak', 'Masukkan buncis aduk hingga tercampur rata, tuang air biarkan mendidih', 'Beri saus tiram, garam dan bumbu kaldu secukupnya biarkan proses memasak dan bumbu meresap', 'Setelah kuah agak susut dan buncis lunak, masukkan tempe, aduk hingga tercampur rata, koreksi rasa, matikan kompor', 'Sajikan....']",Chiensyn Kuliner  ,4 porsi,https://cookpad.com/id/resep/25280995
Soto Kuah Bening Rumahan 🍲,"['250 gram daging ayam atau sapi', '1 liter air', '2 siung bawang putih', '3 siung bawang merah', '1 butir kemiri', '1 batang daun bawang', 'secukupnya Seledri', 'secukupnya Kol iris', 'secukupnya Tauge', '1 buah Tomat', 'secukupnya Garam', 'secukupnya Penyedap atau kaldu jamur', 'secukupnya Merica bubuk', 'secukupnya Minyak untuk menumis', ' Pelengkap: Bawang goreng, Jeruk nipis, Sambal, Mie soun, atau bihun (opsional)']","['Rebus daging atau ayam hingga matang dan empuk, lalu sisihkan kaldunya.', 'Haluskan bawang merah, bawang putih, dan kemiri.', 'Tumis bumbu halus sampai harum dan matang.', 'Masukkan tumisan ke dalam kuah kaldu.', 'Tambahkan garam, penyedap, merica, dan sedikit pala bubuk.', 'Masukkan potongan tomat, kol, dan tauge.', 'Masak sebentar agar sayur tetap segar dan renyah.', 'Tambahkan daun bawang dan seledri di akhir agar aroma tetap harum.', 'Sajikan dengan bawang goreng, sambal, dan jeruk nipis.']",fani_cookingday,2 orang,https://cookpad.com/id/resep/25802027
Pancong Bulat,"['200 gram Tepung Beras Rose Brand', '2 sdm terigu', '300 gram kelapa parut', '1 sdt garam', '600 ml santan (2 bungkus Santan Rose Brand @65 ml + air)', 'Secukupnya Minyak Goreng Rose Brand']","['Siapkan bahan2nya Gula Pasir, Tepung Beras, Santan dan Minyak Goreng dari Rose Brand, lalu timbang dan takar sesuai resep', 'Di wadah campur Tepung Beras Rose Brand, terigu, kelapa parut dan garam aduk rata, tuang Santan Rose Brand yang sdh dicampur air secara bertahap lalu aduk rata', 'Panaskan cetakan lalu oles cetakan dengan Minyak Goreng Rose Brand tipis2 saja, isi cetakan dengan adonan lalu tutup sampai setengah matang', 'Kemudian taburi atasnya dengan Gula Pasir Rose Brand kemudian tutup lagi sampai matang, setelah matang angkat', 'Kuenya enak lembut, gurih dan manis dibagian atasnya, yuk dicoba 😍']",Dapur Dien,14 pcs,https://cookpad.com/id/resep/25799737
Gulai Nangka Khas Padang,"['500 g nangka rebus', '2 saset santan rose brand', '2 lembar daun jeruk', '2 batang sereh', '1 bungkus bumbu gulai siap pakai', '1 sdm garam', '1 sdm gula pasir rose brand', '1/2 sdm micin A satu rose brand']","['Siapkan bahan,tumis bumbu siap masak sampe wangi lalu tambahkan minyak goreng,masak sampe matang lalu masukkan nangkanya aduk tambahkan garam gula dan kaldu bubuk,A satu rose brand', 'Aduk tambahkan santannya,masak lg matang cek rasa angkat', 'Sajikan']","Yuni Kurniasih,",10 porsi,https://cookpad.com/id/resep/25800565
Es Teh Asam Jawa,"['250 ml Air', '1 kantong Teh celup', '1 sdm Asam jawa', '36 g Gula merah (1 keping)', 'Sejumput Garam', 'Secukupnya Gula pasir', 'Secukupnya Es batu']","['Siapkan bahan yang dibutuhkan. Campurkan dalam panci air, garam, gula merah dan asam jawa.', 'Masak sambil diaduk hingga gula larut, masukkan teh celup, tunggu sampai berubah warna.', 'Masak hingga mendidih, angkat. Tes rasa, jika kurang tambahkan gula pasir sesuai selera.', 'Saring ke dalam wadah. Siapkan es batu secukupnya dalam gelas, tuang larutan teh.', 'Es Teh Asam Jawa siap dinikmati. Perpaduan rasa manis dan asam menyatu jadi satu, seger betul 😍']",bundanyakembar,1 orang,https://cookpad.com/id/resep/25799612
Telur Balado,"['2 butir Telur', '8 Bh Cabe Keriting', '3 Bh Cabe Rawit Merah', '8 Siung Bawang Merah', '1 Bh Tomat', 'Secukupnya Garam', 'Secukupnya Merica', 'Secukupnya Kaldu Jamur']","['Goreng telur kemudian sisihkan', 'Iris 2 bh bawang merah lalu sisihkan', 'Haluskan cabe, bawang merah, tomat lalu sisihkan', 'Tumis irisan bawang merah hingga wangi, setelah wangi masukkan bumbu halus lalu tumis hingga matang atau tanak atau pecah minyak. Kemudian beri bumbu garam, merica dan kaldu jamur', 'Setelah itu, masukkan telur dan aduk merata.', 'Telur Balado siap disantap.']",Yelli Taneh,Unknown,https://cookpad.com/id/resep/25800794
Paru Balado,"['500 g Paru sapi', '2 sdm Asam Jawa', '3 batang Serai (geprek)', '7 lembar Daun salam', '1 sdm Garam', '20 buah Cabai merah keriting', '10 buah Cabai rawit merah', '6 siung Bawang merah', '3 siung Bawang putih', '1 buah Tomat', '1 sdt Gula pasir', '200 ml (untuk menggoreng paru) Minyak goreng']","['Potong dan bersihkan paru, lalu rebus dengan asam Jawa, serai, daun salam, dan 1 sdm garam hingga empuk. Tiriskan iris sesuai selera', 'Goreng paru dalam minyak panas.', 'Haluskan cabai, bawang merah, bawang putih, dan tomat. Saya blender kasar saja.', 'Tumis bumbu halus hingga harum dan matang.', 'Masukkan secukupnya garam, gula, dan kaldu bubuk aduk rata. Test rasa', 'Masukkan paru goreng, aduk hingga paru terbalut sambal.', 'Angkat dan sajikan.']",Deby Chintia,2 porsi,https://cookpad.com/id/resep/25800385
Gulai ayam kentang,"['750 gr ayam, potong', '1 buah kentang, potong sedang', '1 lembar daun kunyit', '1 batang sereh, geprek', '2 lembar daun jeruk', '1 lembar daun salam', '1 jempol lengkuas, geprek', '1 sendok teh garam', 'sejumput gula', '800 ml air', '120 ml santan instan', '6 siung bawang merah', '1 siung bawang putih', '2 ruas jahe', '1 jempol kunyit', '1 kemiri']","['Masukkan bumbu halus dan semua bahan (kecuali ayam) ke dalam wajan, masak hingga mendidih', 'Masukkan santan dan aduk rata', 'Masukkan ayam masak hingga ayam matang (+- 30 menit dengan api sedang relatif kecil, biar lebih ngaldu)', 'Masukkan kentang dan masak hingga matang', 'Ayam gulai siap dinikmati']",Al Yusra,5 porsi,https://cookpad.com/id/resep/25800106
Sate Lilit Ayam,"['288 gr dada ayam cincang', '60 gr Santan kental', 'Secukupnya garam dan kaldu jamur', ' Minyak kelapa', ' Bumbu halus :', '2 siung bawang merah', '3 siung bawang putih', '1 batang sereh', '2 lembar daun jeruk', '3 gr ketumbar', 'Secukupnya kunyit bubuk', 'Secukupnya jahe, lengkuas dan kencur']","['Panaskan wajan, tuang minyak lalu tumis bumbu halus hingga wangi sisihkan', 'Siapkan wadah, masukkan ayam cincang, santan, garam, kaldu jamur dan bumbu yang sudah ditumis aduk rata', 'Disini saya menggunakan sumpit yang dibagi 2, bisa juga menggunakan stik es krim. Bentuk adonan seperti sate', 'Panaskan panggangan, oleskan minyak kelapa lalu panggang hingga matang.']",Hariyanti Ningrum,3 - 4 orang,https://cookpad.com/id/resep/25797473
Sup Ceker Bakso,"['1/4 kg ceker ayam (direbus dulu sampai empuk)', '10 biji bakso', '2 buah wortel', '1 kentang ukuran kecil', '3 buncis', '1/4 potong kol', 'Secukupnya daun bawang', 'Secukupnya seledri', '5 siung bawang putih', ' garam', ' gula', ' lada', '750 ml air']","['Siapkan dan potong sayuran sesuai selera', 'Didihkan air, setelah mendidih masukan wortel dan kentang,', 'Tumis bawang putih yang sudah di geprek hingga harum dan berubah warna, setelah itu masukkan ke dalam kuah yang tadi sudah mendidih', 'Masukkan daun bawang, seledri, ceker dan bakso', 'Setelah itu yang terakhir masukkan buncis, kol dan juga garam gula lada', 'Setelah mendidih kembali cek apakah sayuran sudah matang dan rasa kuah yang sudah sesuai, taburi bawang merah goreng', 'Matikan kompor dan siap disajikan ya bun, sangat cocok dimakan dengan tempe goreng panas dan kerupuk 😄🥰']",Liliana Desy,3 porsi,https://cookpad.com/id/resep/25799629
Sambal Goreng Tahu Tempe (Resep Ibu),"['6 kotak Tahu putih, potong dadu 2cm, goreng kering banget', '1 papan Tempe, potong dadu kecil, goreng kering sampai garing', '7 buah Cabai merah keriting', '2 buah Cabai rawit (kalau suka pedas, tambah rawitnya)', '8 siung Bawang merah', '7 siung Bawang putih (memakai ukuran kecil) bisa di sesuaikan', '1 buah Tomat besar', '1 sdt Terasi bakar', '3 lembar Daun salam', '4 cm Lengkuas, geprek', '2 sdm Gula merah, sisir halus - ini kunci manisnya', '2 sdt Garam', '1 sdt Kaldu jamur', '4 sdm Kecap manis - pakai yang kental, merek Bango', '3 sdm Air asam jawa', '100 ml santan (Kara 65 ml di aduk bersama 35 ml air)', '400 ml Air', 'secukupnya Minyak goreng']","['Siapkan bahan', 'Goreng semua tahu dan tempe sampai kering banget, luarnya garing. Kalau masih lembek, pas dimasak sambal langsung hancur.', 'Tumis bumbu halus pakai api sedang sampai benar-benar wangi dan minyaknya keluar. Masukkan daun salam + lengkuas. Tumis terus sampai bumbu agak kering, ini biar nggak langu. Sekitar 10 menit', 'Masukkan gula merah, garam, kaldu jamur, kecap manis, air asam. Aduk sampai gula larut. Tuang air 400 ml, masak sampai mendidih.', 'Kecilkan api, tuang santan kental. Aduk terus biar nggak pecah. Masak 2 menit sampai kuah agak mengental.', 'Masukkan tahu, tempe. Aduk pelan dari bawah ke atas. Masak pakai api paling kecil sampai kuah menyusut tinggal 30% dan melapisi semua isian. Nggak boleh kering, harus nyemek.', 'Hasilnya: warna merah gelap mengkilat, kuah nyemek melapisi tahu tempe, rasanya manis gurih pedas tipis.']",ATIKA WAHYU,5 porsi makan bareng,https://cookpad.com/id/resep/25799135
Tenggiri Asam Padeh,"['1/4 kg tenggiri lumuri jeruk nipis dan garam lalu cuci bersih', '3 bh cabe merah', '3 bh bawang putih', '6 bh bawang merah', '3 butir kemiri', '1 ruas jahe', '1 sdt kunyit bubuk', '1 batang sereh geprek', '2 jari lengkuas geprek', '2 lembar daun salam', '2 lembar daun jeruk', '3 butir asam', ' Garam', ' gula', ' kaldu jamur', ' lada', ' penyedap']","['Tumis bumbu halus dengan sedikit minyak sampai matang dan berubah warna', 'Masukkan air secukupnya (200ml) boleh lebih, lalu masukkan bumbu cemplung dan bumbu2 lainnya', 'Cek rasa, kalo sudah oke masukkan ikan tutup dengan tutupan panci agar matang merata', 'Masak ikan paling lama 10 menit, cek rasa kembali kalo udah oke matikan api dan siap disajikan 🤗']",priscasaa,2 porsi,https://cookpad.com/id/resep/25799473
Sambal Kacang Siomay,"['250 g kacang tanah', '1 potong gula merah', '2 sdm kecap manis', '1 sdt garam', '1/2 sdm gula pasir Rose Brand', '1/2 sdt A satu msg Rose Brand', 'Secukup Minyak goreng Rose Brand', '100 ml air']","['Siapkan bahan,goreng kacang sampe matang lalu blender sampe halus', 'Masak di wajan tambahkan garam gula mecin dan kecap manis aduk tambahkan air', 'Masak sampe mengental dengan sedikit maizena rose brand,sajikan untuk sambel somay']","Yuni Kurniasih,",4 porsi,https://cookpad.com/id/resep/25799277
Kerak telor,"['2 sdm nasi', '2 telor', '1/2 sdt kaldu bubuk', '1/2 sdt micin A satu Rose Brand', 'secukupnya Minyak Rose Brand', '1 sdm serundeng', '1/4 sdt lada']","['Campurkan nasi dengan lada bubuk dan micin A satu Rose Brand', 'Beri telor,kaldu bubuk dan serundeng', 'Aduk, olesi wajan dengan minyak Rose Brand', 'Setelah panas tuang adonan ke wajan,masak dengan api kecil sampai matang. Sajikan dengan diberi serundeng']",Ratna Rasuan ,1 porsi,https://cookpad.com/id/resep/25799072
Tumis Cesim Bakso Toge,"['3 ikat Cesim', ' Bakso', ' Toge', ' Tomat', ' Bawang Merah', ' Bawang Putih', ' Cabe Merah']","['Seperti biasa potong terlebih dahulu cesim nya dan siapakan perbawangan dan cabe yang sudah di cincang', 'Tumis bamer,baput, cabe terlebih dahulu', 'Lalu kemudian tomat, cesim dan toge. Kemudian tambahkan garam, saos tiram dan sedikit gula hanya untuk menambah rasa. Setelah cesim agak layu masukan bakso yang sudah dipotong² tumis sampai semuanya matang.', 'Dan sajikan dipiring legend ini moms😁']",Apriliani,Unknown,https://cookpad.com/id/resep/25798896
Garang Asem Ayam,"['1 ekor ayam', '3 siung bawang putih', '8 siung bawang merah', '65 ml santan instan', '2 butir kemiri', '1 senti jahe', 'sesuai selera cabe rawit', '2-3 buah belimbing wuluh (saya skip ganti perasan jeruk nipis karena tidak ada)', 'secukupnya Tomat hijau, potong memanjang', 'sesuai selera gula merah, garam dan penyedap', ' daun pisang untuk alas loyang', ' sereh', ' daun jeruk', ' lengkuas', ' daun salam']","['Rebus ayam sampe setengah empuk', 'Haluskan duo bawang, jahe dan kemiri. Tumis sampai wangi. Masukkan bahan cemplung lalu tambahkan santan. Tambahkan garam, gula merah dan penyedap.', 'Tuang ke dalam rebusan ayam tadi.', 'Karena tidak dibungkus, saya pakai loyang untuk mengukus ayam dan kuahnya yang sudah dilapisi daun pisang', 'Tambahkan potongan tomat hijau dan cabe rawit utuh. Kukus sampai ayam benar2 empuk. jangan lupa koreksi rasa ya', 'Sajikan']",ihn ihn,untuk 6- 7 porsi,https://cookpad.com/id/resep/25797811
Opor Ayam Putih,"['800 gr ayam', '5 bamer (untuk bamer goreng)', '1 btg serai', '2 lembar daun salam', '2 lembar daun jeruk', ' Bumbu halus👇', '6 baput', '6 bamer', '3 butir kemiri', '3/4 sdt jinten', '1/4 :pala', '1 sdt ketumbar', ' lengkuas', ' Bahan lain 👇', '1 liter air', '2 saset Santan aq pakai fiber cream', '1 sdt garam', '1 saset kaldu bubuk (me;mas*ko)', '1/4 gula dan kasih merica bubuk']","['Ayam yg sudah dibersihkan, aq rebus bentar dan ku kasih daun salam dan garam. Habis itu kubuang airnya', 'Bumbu halus yg sudah dihaluskan, ditumis hingga pecah minyak, masukkan ayam aduk tmbh santan kasih seasoning.', 'Klu dan mendidih tes rasa....... Dirasa uda pas bisa dimatikan dan disajikan dgn sambal bajak (sambel tomat mateng)']",Irawatye (cyra Ye) ,Unknown,https://cookpad.com/id/resep/25797598
Tempe Telur Sambal Daun Jeruk,"['1/2 kg telur puyuh', '3 bgkus tempeh', '10 cabai merah', '10 cabai rawit atau ceplak juga boleh', '5 siung bawang merah', '2 siung bawang putiih', '5-7 lembar daun jeruk']","['Rebus telur -+15 menit', 'Potong tempe menjadi dadu kecil-kecil', 'Goreng telur dan tempe', 'Iris bawang merah dan bawang putih', 'Chopper cabai merah dan rawit', 'Gunting² daun jeruk, buang batang tengah nya', 'Tumis bawang merah dan putih yg sudah di iris, masukkan cabai yg sudah di chopper, tumis setengah matang, lalu masukkan daun jeruk yg sudah di iris atau di gunting tadi, lalu tumis kembali', 'Masukkan tempe dan telur yg sudah di goreng sebelumnya', 'Aduk², tambahkan garam, gula, micin, penyedap rasa dan air secukupnya..', 'Koreksi rasa, jika sudah... Siap di hidangkan 🤤']",Putri Dara Melaty,Banyak,https://cookpad.com/id/resep/25797328
Opor Tahu Daging Sapi,"['10 bh tahu coklat bagi empat', '250 gr Daging sapi (sudah direbus setengah matang)', '100 ml santan Rose Brand', '4 siung Bawang merah', '2 siung Bawang putih', '4 buah Cabe merah', '2 butir Kemiri', '1/2 sdt Merica bubuk', '2 batang Daun bawang', '2 batang Serai', '1 ruas jari Lengkuas', '1 sdt Garam', '1 sdt Gula Pasir ROSE BRAND', '2 sdm Kecap manis', 'secukupnya Kaldu ayam', 'secukupnya MSG']","['Haluskan bawang merah, bawang putih, kemiri, dan cabe merah.', 'Tumis bumbu halus, masukkan daun bawang, serai, dan lengkuas yang sudah digeprek, tumis hingga harum.', 'Tambahkan 1 liter air, aduk rata.', 'Masukkan tahu dan daging sapi.', 'Tambahkan garam, gula, merica, kecap manis. Masukkan santan, aduk hingga bumbu meresap. Terakhir masukkan kaldu ayam dan MSG. Masak dengan api kecil', 'Sajikan dengan taburan bawang goreng']",Marisa DJn 🇮🇩 🇵🇸,6 porsi,https://cookpad.com/id/resep/25791757
Telur Puyuh + Tahu Bumbu Balado,"['1/4 telur puyuh', '1/2 papan tahu putih', ' Bawang merah', ' Bawang putih', ' Cabe merah besar', ' Cabe rawit', ' Tomat', ' Kemiri', ' Gula merah', ' Garam', ' Penyedap', ' Air asam Jawa (sedikit)']","['Rebus telur puyuh kurang lebih 15 menit, setelah masak kupas kulit telur puyuh kemudian goreng sebentar sampai kulit nya menjadi sedikit keras', 'Potong tahu seukuran dadu, goreng setengah matang, lalu tiriskan', 'Haluskan bumbu-bumbu yang sudah disiapkan bisa menggunakan Chopper/di ulek', 'Panaskan sedikit minyak, masukkan bumbu yang sudah di haluskan, tumis sampai bumbu benar-benar matang sempurna (tanek)', 'Masukkan telur puyuh dan tahu, aduk dengan bumbu sampai merata', 'Tambahkan sedikit air agar tidak gosong, tambahkan pula seasoning (garam, gula, penyedap, air asam Jawa)', 'Jika bumbu sudah meresap, koreksi rasa dan siap di sajikan']",Rahma_26,3 orang,https://cookpad.com/id/resep/25797005
Sate Ayam Singapura Devina Hermawan,"['500 gr paha ayam filet', '2 sdm bumbu marinasi instan', '1/4 buah bawang bombai', '3 cm lengkuas', '2 sdm santan', '1 sdm minyak', '3 cm lengkuas', '6 siung bawang merah', '5 siung bawang putih', '3 buah cabai merah tanjung, buang biji', '50 ml minyak', '100 gr kacang tanah goreng', '3 lembar daun jeruk', '325 ml air', '1 sdm gula palem', '1 sdm gula pasir', '2 sdm santan', '1 sdt garam', '3/4 sdt kaldu jamur', 'potong lontong,', 'potong bawang bombay merah,', 'potong timun,', ' nanas, haluskan']","['Potong memanjang ayam lalu marinasi dengan lengkuas parut, bawang bombay parut, bumbu marinasi instan, gula pasir, minyak, dan santan, aduk rata lalu tusukkan ayam dengan tusuk sate sambil ditekan-tekan', 'Iris lengkuas. Masukkan lengkuas, cabai merah tanjung, bawang merah, bawang putih, dan minyak ke dalam chopper, haluskan dan tumis hingga wangi', 'Masukkan kacang tanah goreng ke dalam chopper, blender kasar lalu masukkan ke dalam wajan, tumis sesaat', 'Masukkan air, daun jeruk, gula palem, gula pasir, garam, kaldu jamur, dan santan, masak di api kecil hingga menyusut', 'Oles panggangan dengan minyak, panggang sate hingga matang dan kecokelatan dikedua sisi', 'Sate ayam khas Singapura siap disajikan']",Devina Hermawan ✅,4 porsi,https://cookpad.com/id/resep/25796594
Opor Kuah Putih,"['500 gr daging ayam', '1 bungkus santan instan Rose Brand', '1 batang sereh digeprek', '1 jempol lengkuas digeprek', '2 lembar daun salam', '2 lembar daun jeruk', '400 ml air', 'Secukupnya minyak untuk menumis', '8 siung bawang merah', '3 siung bawang putih', '3 butir kemiri', '3 cm jahe', '1 sdt ketumbar bubuk', '1/2 sdt lada bubuk', '1 sdt garam', '1/2 sdt micin Asatu Rose Brand', '1/2 sdt gula pasir Rose Brand']","['Siapkan bahan, bersihkan ayam lalu sisihkan, lalu haluskan bumbu halus', 'Panaskan minyak dalam wajan lalu masukkan bumbu halus dan aromatik masak hingga benar2 tanak supaya tidak langu, lalu masukan ayamnya aduk-aduk selama 2 menit agar bumbu meresap, lalu beri air didihkan hingga ayam setengah matang', 'Setelah mendidih masukkan garam, gula pasir Rose Brand, dan micin Asatu Rose Brand. Masak lagi hingga matang dan benar-benar empuk', 'Setelah dirasa ayam sudah empuk masukkan santan instan Rose Brand ukuran 65ml, aduk-aduk terus hingga menyatu dan matang sempurna', 'Opor ayam kuah putih siap di sajikan,']",Ummu Hamzah ,5 porsi,https://cookpad.com/id/resep/25795701
Sawi Putih Isi Tahu Bakso Kukus 🧄🥬,"['8 lembar sawi putih', '3 buah tahu putih', '4 bakso dihaluskan / ayam giling', '1/2 bungkus bawang putih bubuk', '1 batang daun bawang, iris tipis', '1 buah wortel', '1 sdm tepung tapioka', '1/4 sdt merica', 'secukupnya Garam', 'secukupnya Penyedap']","['Kukus sawi putih sebentar sampai layu, lalu angkat.', 'Haluskan tahu, campur dengan bakso halus.', 'Tambahkan bawang putih, daun bawang, wortel, tepung tapioka, merica, garam, dan penyedap. Aduk rata.', 'Ambil sawi putih, isi dengan adonan secukupnya lalu gulung seperti rolade.', 'Susun dalam kukusan yang sudah panas.', 'Kukus dengan api sedang selama ±20 menit hingga matang.', 'Angkat dan sajikan hangat.']",fani_cookingday,2 orang,https://cookpad.com/id/resep/25735934
111. Sambal Mie Kering Kacang Tanah,"['250 gr kacang tanah', '3 bks / 150 gr mie instan (pisahkan bumbunya)', 'Secukupnya minyak goreng', 'Secukupnya garam, gula &amp; penyedap rasa', '10 bh cabe merah', '5 bh cabe rawit', '4 siung bawang merah', '2 siung bawang putih']","['Panaskan minyak lalu goreng kacang tanah hingga matang. Tiriskan lalu sisihkan.', 'Goreng mie instan yang sudah dihancurkan kasar hingga matang & kuning kecoklatan. Angkat dan tiriskan.', 'Tumis bumbu yang sudah dihaluskan hingga tanak. Beri garam, gula, penyedap rasa dan bumbu bawaan mie instan. Aduk rata.', 'Koreksi rasa. Jika rasa sudah pas dan bumbu sudah matang sempurna, matikan kompor.', 'Masukkan kacang tanah dan mie instan yang sudah digoreng tadi lalu aduk rata. Angkat & sajikan. Untuk penyimpanan, masukkan dalam toples dan tutup rapat. Selamat mencoba.']",Ciyie (Sri Lestari),Unknown,https://cookpad.com/id/resep/25791750
Sambal Petis,"['128 gr Petis', '5 siung bawang putih', '2 siung bawang merah', '1/2 ruas kunci', '1/2 sdt kunyit halus', '6-7 lembar daun jeruk purut', 'secukupnya cabe rawit', 'Secukupnya air', 'Secukupnya minyak goreng utk menumis']","['Petis aduk dengan air secukupnya agar tidak bergerindil / menggumpal memudahkan utk d masak', 'Haluskan 2 siung bawang putih, bawang merah, kunci, kunyit halus, 5lembar jeruk purut serta cabe rawit dan air secukupnya', 'Iris tipis sisa bawang', 'Tumis bumbu diatas dengan minyak goreng secukupnya saja, jangan lupa masuk kan sisa daun jeruk purut utuh atau cabe rawit utuh (bagi yg suka : me - dihaluskan)', 'Setelah bumbu harum masukkan petis yaaa, masak sampai meletup, (jika di rasa kurang encer bisa tambahkan air, utk ke enceran suka suka ya... Alias Monggo kerso aja 🙏☺️ matikan kompor, Sajikan with tahu petis, ote- ote_weci_ heci_bala-bala, lontong sayur, telur godok dkk😁🥰']",Kartika Kwee,Beberapa orang,https://cookpad.com/id/resep/25795003
Pangsit Sambal Jahe Kacang,"['30 lembar kulit pangsit', 'Secukupnya wortel parut', 'secukupnya Minyak', 'secukupnya Adonan ayam serbaguna']","['Siapkan kulit pangsit dan ayam giling serbaguna, beri parutan wortel. Masukkan kedalam kulit pangsit', 'Panaskan minyak goreng pangsit dengan api kecil hingga kuning keemasan dan matang, di balik', 'Angkat dan tiriskan siapkan bumbu sambal jahe kacang', 'Simpan di atas piring saji pangsit yang sudah digoreng kucurkan sambal jahe kacang kemudian beri kecap manis Sajikan.....']",Chiensyn Kuliner  ,5 porsi,https://cookpad.com/id/resep/25581249
Sambal kacang,"['1 kg kacang kupas', ' Bumbu', '600 gram gula merah', '10 buah bawang putih', '6 buah kencur', '10 lembar daun jeruk', 'secukupnya Asam Jawa', '2 sendok makan garam', '250 gram cabe rawit', '100 gram cabe besar']","['Goreng kacang sampai matang', 'Goreng semua bumbu sampai matang (kecuali gula merah, daun jeruk dan garam)', 'Kacang dan bumbu dijadikan satu kemudian haluskan..', 'Sajikan..']",Risma Meina Putri,Unknown,https://cookpad.com/id/resep/25794258
Sambal tuna,"['3 sapit tuna asap', '2 papan petai', ' Bumbu', '10 buah cabe rawit', '5 buah cabe besar', '5 buah cabe keriting', '7 buah bawang merah', '7 buah bawang putih', ' Minyak goreng', ' Gula', 'secukupnya Garam', ' Penyedap rasa']","['Lepas ikan asap dari sapitnya', 'Semua bumbu goreng sebentar kemudian chopper kasar..', 'Goreng bumbu yang sudah di chopper bersama pete sampai wangi', 'Kemudian masukkan tuna kedalam bumbu..aduk rata..masukkan garam, gula, penyedap rasa..koreksi rasa..', 'Sajikan..bisa tahan sampai 5 hari..simpan dalam lemari es..apabila mau dimakan bisa dihangatkan lagi..']",Risma Meina Putri,3 orang,https://cookpad.com/id/resep/25794231
Rica rica kepala dan kaki kambing,"['1 kg kepala dan kaki kambing cincang', '1 buah bawang merah besar', '6 siung bawang putih', '5 butir kemiri', '1 kunyit ukuran jari telunjuk', '3 jahe ukuran ibu jari', '2 sdt lada bubuk', '1 sdt garam (sesuaikan)', '1 sdt penyedap rasa/ kaldu jamur', '3 sdm kecap manis', '2 sdt gula pasir', '1 lengkuas ukuran ibu jari', '5 lembar daun salam', 'secukupnya Minyak', '300 ml air', '1 batang daun bawang', '6 buah cabe (iris)']","['Siapkan bahan kepala dan kaki kambing yang sudah dipresto (pisahkan/ buang tulangnya)cuci ulang sampai bersih dan potong kecil (sesuai selera) sisihkan.', 'Haluskan bawang putih, kemiri, kunyit. Jahe, lengkuas digeprek. Iris bawang merah.Panaskan minyak dan tumis semua bumbu hingga harum', 'Tambahkan air masak hingga mendidih lalu masukkan garam, gula, kecap, penyedap, lada bubuk, aduk2 dan koreksi rasanya, jika sudah pas masukan kepala dan kaki kambing.', 'Masak hingga air menyusut/ nyemek lalu tambahkan daun bawang dan irisan cabe.', 'Sajikan dengan taburan bawang goreng, lalap mentimun dan irisan bawang merah jika suka, Selamat mencoba 💚']",jeng hayoone,Unknown,https://cookpad.com/id/resep/25793895
Lemper Ayam,"['1 liter beras ketan', '4 lembar daun pandan', '65 ml santan instan Rose Brand', '250 ml air matang', '2 sdt garam', '2 sdm Minyak goreng Rose Brand', '500 gr dada ayam', '6 siung bawang merah', '3 siung bawang putih', '3 butir kemiri', '1 sdt ketumbar bubuk', '1/4 sdt merica bubuk', '1/4 sdt Jinten (skip)', '5 lembar daun salam', '2 batang sereh', '2 lembar daun jeruk', '1 sdt garam', '1 sdt kaldu bubuk', '100 ml air kaldu']","['Cuci bersih beras ketan, rendam selama 1-3 jam. Kukus beras ketan tambahkan daun pandan selama 25 menit.', 'Pindahkan dalam wadah besar. Campur santan Rose Brand, Minyak Goreng Rose, garam, air matang aduk rata. Dan tuang dalam beras ketan tadi, aduk rata.', 'Kukus kembali nasi ketan selama 30 menit.', 'Rebus ayam setelah matang suwir atau chopper ayam.', 'Haluskan bumbu, tumis bumbu halus dengan Minyak goreng Rose Brand. Tambahkan ayam suwir, seasoning, santan dan air kaldu, aduk rata koreksi rasa.', 'Tata nasi ketan pada cetakan yang sudah di alasi minyak goreng dan daun pisang. Tuang ayam di atas nya ratakan. Tutup lagi dengan nasi ketan tadi ratakan. Kemudian potong-potong.', 'Ambil daun pisang lipat adonan pada daun pisang dan ratakan. Kemudian bakar pada teflon sambil di balik.', 'Sajikan']",RatihAng,14 bh,https://cookpad.com/id/resep/25793790
Sambal Cumi,"['500 g cumi', '3 lembar daun jeruk', ' gula', ' garam', ' saus tiram', '6 baput', '8 bamer (bukan bumer yaa banyakan pusingg, 1 ajaa udahh pegang pala teruss)', '7 cabe rawit merah (no no cabe cabean)', '12 cabe rawit hijau', '2 cabe merah besar', '2 cabe hijau besar']","['Marinasi cumi dengan 1sdt garam dan 1sdt baking powder (agar cumi tidak keras saat dingin) diamkan 15-20menit', 'Cincang bahan cincang, oseng bahan cincang lalu masukkan daun jeruk', 'Lanjut masukkan cumi yang sudah di marinasi (setelah di marinasi di cuci dulu dan ditiriskan bund, di video cuminya direbus tapi saya engakk capekk anak kostt pgn nya buru2). oseng oseng tambahkan garam gula dan saus tiram sesuka seleraa. saya tambahkan kaldu jamur+micinn jugaa.']",Mey Iska,Unknown,https://cookpad.com/id/resep/25793691
Rendang Daging Sapi,"['1 kg daging sapi', '3 buah Kelapa', '5 buah cengkeh', '3 buah kapulaga', '3 buah bunga lawang', '1 biji pala', '5-10 cm kayu manis', '1 sdt ketumbar', '1 sdt jinten', '1 sdt adas', '1 sdt lada', '1 Kelapa Gongseng', '10 siung bamer', '3 siung baput', '10 buah kemiri', '5 lbr daun salam', '5 daun jeruk', '2 lbr daun kunyit', '30 gr jahe', '2 btg sereh', '35 gr lengkuas', '100 gr cabai merah']","['Oseng sampai keluar aroma lalu giling', 'Blender bumbu', 'Lalu siapkan semua', 'Masukkan Kedalam santan', 'Tunggu sampai mendidih santannya', 'Siapkan daging, lalu masukkan, aduk sampai merata', 'Aduk terus', 'Masukkan kelapa Gongseng', 'Dengan api kecil sambil di aduk, sampai kering', 'Setelah penantian ±3 jam siap dihidangkan, Boleh lebih juga ya, Tergantung selera 🥰🤩🫰', 'Enak poll 🤩🥰']",Monica,4 orang,https://cookpad.com/id/resep/25793678
Pepes Tahu,"['4 tahu susu besar', '1 telor', '2 btg daun bawang', '1 sdt kaldu bubuk', '1 sdt micin A satu Rose Brand', '1 sdm gula pasir Rose Brand', '2 sdm minyak Rose Brand buat numis', '1 ikat daun kemangi', ' Bumbu halus:', '3 cabe merah keriting/ selera', '4 bawang merah', '4 bawang putih', 'bungkus Daun pisang buat']","['Haluskan bumbu', 'Tuang minyak Rose Brand ke wajan,lalu tumis bumbu sampai matang', 'Campurkan bumbu dengan tahu, hancurkan. Beti micin A satu Rose Brand', 'Tambahkan gula pasir Rose Brand, kaldu bubuk dan daun bawang iris', 'Tambahkan daun kemangi, telor,aduk', 'Bakar daun pisang sebentar sampai layu, potong beri adonan tahu lalu bungkus', 'Kukus sampai matang', 'Sajikan']",Ratna Rasuan ,12 pc,https://cookpad.com/id/resep/25793410
Sayur Lodeh,"['1 bgks sayur lodeh', '1 SASET bumbu instan sayur lodeh', '3 bawang merah', '3 bawang putih', '1 cabe merah besar', '1 sdt micin A satu Rose Brand', '1 sdm gula pasir Rose Brand', '1/2 sdt kaldu bubuk', '1/2 sdt garam', '600 ml air']","['Cuci sayuran lodeh, panaskan air,rebus jagung 🌽 dan buah melinjo', 'Tambahkan sayuran lainnya,beri bumbu instan sayur lodeh dan garam', 'Tambahkan gula pasir Rose Brand, kaldu bubuk dan micin A satu Rose Brand', 'Setelah sayuran empuk tambahkan santan Rose Brand,aduk sebentar', 'Sajikan']",Ratna Rasuan ,1 panci kecil,https://cookpad.com/id/resep/25793048
Gulai Kepala Kakap Sederhana,"['2 kepala kakap, lumuri dengan perasan air jeruk nipis dan garam, lalu diamkan kurleb 30 menit..cuci di air mengalir, tiriskan', '3 siung bawang merah', '2 siung bawang putih', '5 buah cabe merah', '4 buah cabe galak', '1/2 ruas jari jahe', '1/2 ruas jari kunyit', '2 buah kemiri', 'secukupnya garam', 'secukupnya gula pasir', 'secukupnya kaldu jamur', '1 ruas serai geprek', '2 helai daun salam', '3 helai daun jeruk buang tulangnya']","['Tumis bumbu aromatik terlebih dulu..setelah layu baru masukkan bumbu halus..', 'Tumis hingga matang agar tidak langu..', 'Masukkan kepala kakap, tambahkan air secukupnya..Lalu masak hingga kuah menyusut, kental, nyemek²..', 'Koreksi rasa.. angkat..sajikan..', 'Taraa..gulai kepala kakap dengan bumbu sederhana siapp dinikmati bersama nasi hangat..']",@priliaps,2 porsi,https://cookpad.com/id/resep/25792844
Tongseng Solo,"['300 gram daging sapi, potong-potong', '4 siung bawang putih', '5 butir bawang merah', '1/2 sdt lada butir', '4 butir kemiri', '1 ruas kunyit', '5 buah cabai keriting merah', '5 buah cabai rawit merah', '1 ruas jahe, memarkan', '2 batang serai, memarkan', '3 lembar daun jeruk, sobek-sobek', '1 lembar salam', '5 buah cabai rawit utuh', '1/2 buah tomat merah, potong-potong', '1 buah tomat hijau, potong-potong', '1 sdt garam', '1 sdt Gula Pasir Rose Brand', '2 sdm kecap manis', '1 bungkus Santan Kelapa Rose Brand']","['Panaskan Minyak Goreng Rose Brand. Tumis semua bumbu halus sampai harum. Masukkan bumbu aromatik, teruskan menumis', 'Masukkan daging, aduk-aduk sampai daging berubah warna. Tuang air secukupnya', 'Bubuhkan garam, Gula Pasir Rose Brand dan kecap manis aduk rata. Tutup', 'Masak sampai daging empuk dan bumbu meresap. Masukkan Santan Kelapa Rose Brand. Aduk-aduk', 'Masukkan cabai utuh, tomat, dan kol. Koreksi rasa. Angkat, sajikan']",fransiska arie,3 orang,https://cookpad.com/id/resep/25792833
Tongseng ayam,"['500 gr paha ayam', '3 butir tomat merah', '3 batang wortel', '1 pcs santan kara', '4 sendok makan kecap manis', '2 sendok makan minyak goreng untuk menumis bumbu', '5 siung bawang merah', '6 siung bawang putih', '3 buah kemiri', '1 ruas kunyit', '1 ruas jahe', '1/2 sendok makan ketumbar bubuk', '3 buah cabe merah keriting', 'Secukupnya garam, gula, dan penyedap', '2 batang sereh', '5 lembar daun salam', '5 lembar daun jeruk']","['Potong ayam ukuran sedang, lalu bersihkan.', 'Didihkan air, lalu rebus ayam terlebih dahulu untuk membuang darah ayam agar tidak amis. Setelah direbus sebentar, lalu tiriskan.', 'Sebelum dihaluskan sangrai terlebih dahulu bumbu halus, lalu haluskan menggunakan blender, jika diulek aromanya akan lebih keluar.', 'Tumis bumbu halus dan masukkan bumbu cemplung. Lalu tambahkan air secukupnya.', 'Setelah air mendidih, masukkan ayam yang sudah direbus tadi. Lalu tambahkan kecap manis, wortel, dan tomat. Tambahkan juga gula, garam, dan penyedap, koreksi rasa dan siap disajikan.']",Wulan Ramdhani,4 orang,https://cookpad.com/id/resep/25792791
Ayam Goreng Bumbu Sate Madura,"['300 g (potong dadu atau sesuai selera) Dada ayam', '5 siung Bawang merah', '3 siung Bawang putih', '3 buah (atau sesuai selera) Cabe merah', '3 butir Kemiri', '50 g Kacang tanah mentah', '1 sdm Gula merah', '2 sdm Kecap manis', '1/2 sdt Penyedap rasa', '2 lembar Daun jeruk', 'secukupnya Minyak goreng']","['Goreng bawang merah, bawang putih, cabe, kemiri, dan kacang tanah hingga harum.', 'Haluskan semua bahan yang sudah digoreng.', 'Tumis bumbu halus, masukkan gula merah, kecap, penyedap rasa, dan daun jeruk.', 'Masukkan ayam, aduk rata, masak hingga minyak keluar dan ayam matang.', 'Angkat dan sajikan.']",Suwangi,2 porsi,https://cookpad.com/id/resep/25792776
Gulai Ayam Nangka,"['1 bungkus nangka, rebus dengan sedikit garam dan minyak goreng', '5 potong ayam, rebus', '1 bungkus Santan Kelapa Rose Brand (65 ml)', '5 butir bawang merah', '3 siung bawang putih', '2 buah cabai merah besar', '3 buah cabai merah keriting', '3 buah cabai rawit merah', '3 cm kunyit', '4 butir kemiri', '1/2 sdt ketumbar', '1/2 sdt lada', '2 batang serai', '1 lembar salam', '3 lembar daun jeruk, sobek-sobek', '1 ruas lengkuas', '2 butir kapulaga', '1 buah kembang lawang', '1 sdt garam', '1/2 sdt Gula Pasir Rose Brand', '1/2 sdt kaldu jamur']","['Tumis bumbu halus sampai harum, masukkan bumbu aromatik, teruskan menumis', 'Masukkan bumbu dalam rebusan ayam. Bubuhkan garam, Gula Pasir Rose Brand, dan kaldu jamur, didihkan', 'Masukkan nangka yang sudah direbus, masak beberapa saat. Tuang Santan Kelapa Rose Brand. Didihkan sambil aduk-aduk', 'Koreksi rasa', 'Angkat, sajikan']",fransiska arie,3 orang,https://cookpad.com/id/resep/25792466
Tongkol Balado,"['6 potong ikan tongkol (boleh di kukus atau goreng,saya di kukus)', '8 buah cabe merah keriting', '5 buah cabe rawit(boleh disesuaikan)', '5 siung bawang merah', '3 siung bawang putih', '3 lembar daun jeruk', 'Secukupnya garam', 'Secukupnya totole', 'Secukupnya gula pasir', 'Secukupnya minyak untuk menumis']","['Haluskan bawang merah,bawang putih,cabe merah dan rawit (boleh di blender atau uleg)', 'Tumis bumbu halus dan daun jeruk hingga bumbu matang. Tambahkan bumbu-bumbu.koreksi rasa', 'Setelah semua rasa sudah pas, masukan ikan tongkol. Aduk hingga rata. Sajikan']",Dapur Tabby,Unknown,https://cookpad.com/id/resep/25792544
Tongkol Balado Kids Friendly (Tidak Pedas),"['4 potong ikan tongkol, kukus,suir2,sisihkan', '4 siung bawang merah', '3 siung bawang putih', '1 buah tomat', '2 buah cabe merah besar,buang biji jangan sampai ada bijinya', '2 lembar daun jeruk', 'Secukupnya garam', 'Secukupnya totole', 'Secukupnya gula pasir', 'Secukupnya minyak untuk menumis']","['Blender atau uleg halus bawang merah,bawang putih,tomat dan cabe', 'Tumis bumbu halus dan daun jeruk hingga bumbu matang.', 'Setelah bumbu matang,tambahkan bumbu-bumbu dan koreksi rasa. Jika sudah pas, masukan ikan tongkol,aduk hingga rata. Sajikan.']",Dapur Tabby,Unknown,https://cookpad.com/id/resep/25792522
Sate Telur Puyuh Bumbu Kecap Meresap ala Jogja,"['40 butir telur puyuh, rebus 5 menit, kupas', '2 lembar daun salam', '1 ruas lengkuas, geprek', '2 batang serai, geprek', '300 ml air', 'secukupnya Tusuk sate', '6 siung bawang merah', '4 siung bawang putih', '4 butir kemiri sangrai', '1 sdt ketumbar sangrai', '1/2 sdt merica', '1 sdt garam', '1/2 sdt gula merah sisir', '8 sdm kecap manis (me : Bango)', '2 sdm kecap asin', '1 sdm margarin', '1 sdm minyak goreng', '1 sdm air asam jawa', '50 ml air sisa ungkep telur']","['Siapkan bahan', 'Tumis bumbu halus dengan sedikit minyak sampai wangi. Masukkan daun salam, lengkuas, serai. \nMasukkan telur puyuh yang udah dikupas, aduk rata. \nTuang air 300ml, masak dengan api kecil 15 menit sampai air agak surut.', 'Angkat telur, tiriskan. Tusuk 3-4 butir per tusuk.', 'Campur kecap manis, kecap asin, margarin, minyak, air asam, dan 50 ml air sisa ungkep telur. \nOleskan ke sate sambil dibakar bolak-balik 3-4 menit. Oles 2-3 kali sampai bumbu mengkilat dan agak mengental nempel di telur. Margarin + kecap sisa rebusan itu yang bikin bumbu jadi medok, wangi, dan nggak gampang kering.', 'Hasilnya telur puyuhnya warna coklat mengkilat, wangi kecap bakar, pas digigit bumbunya udah masuk sampai dalam. Manis gurihnya pas, nggak eneg.']",ATIKA WAHYU,10 tusuk,https://cookpad.com/id/resep/25790735
Sambal Cakalang Asap,"['2 ekor ikan cakalang asap', '6 lembar daun jeruk, iris -iris', '5 gr terasi sangrai/bakar', 'Secukupnya garam, gula dan kaldu jamur minyak goreng', ' Bumbu halus :', '4 buah (ukuran sedang) tomat', '90 gr cabai keriting', '45 gr cabai rawit', '50 gr bawang merah', '25 gr bawang putih']","['Suwir- suwir ikan cakalang, goreng sebentar di minyak panas dan sisihkan', 'Tumis bumbu halus, masukkan irisan daun jeruk, dan terasi masak hingga mengeluarkan minyak, lalu masukkan suwiran ikan cakalang aduk rata masak dengan api sedang agar sambal meresap ke dalam ikan.', 'Siap disantap bersama nasi hangat ❤️']",Hariyanti Ningrum,5 - 6 orang,https://cookpad.com/id/resep/25774871
Gulai Pedas Tahu Tempe,"['1 Papan Tempe, Potong 10 bagian', '5 Tahu Kuning, Potong 2 bagian', '1 Buah Santan Kemasan Rose Brand', '1 Sdt Garam', '1 Sdt Kaldu Ayam Bubuk', '1 Sdt Gula Pasir Rose Brand', '500 Ml Air', 'Secukupnya Minyak Goreng Rose Brand', '5 Buah Cabai Merah', '4 Buah Bawang Merah', '4 Siung Bawang Putih', '2 Buah Kemiri', '1 Sdt Ketumbar Bubuk', '1 Sdt Kunyit Bubuk', '2 Lembar Daun Salam']","['Panaskan minyak goreng Rose Brand dengan api sedang hingga panas lalu goreng tahu dan tempe hingga matang, angkat. Sisihkan.', 'Tumis bumbu hingga matang dan harum. Lalu, masukkan air masak hingga mendidih.', 'Masukkan tahu dan tempe yang sudah digoreng santan Rose Brand, garam, kaldu bubuk dan gula pasir Rose Brand. Masak sebentar. Koreksi rasa.', 'Sajikan Gulai Pedas Tahu Tempe selagi hangat. Selamat mencoba.']",My'L Kitchen ( Libi ),5 Porsi,https://cookpad.com/id/resep/25791709
Sate Padang,"['200 g Daging sapi', '2 sdm Tepung beras', '1 lembar Daun kunyit', '2 sdm Bawang merah goreng', '1 sdt Penyedap A Satu', '400 ml Air', '1/2 sdt Garam', '1/4 sdt Merica', '1 sdm Minyak goreng']","['Tumis daun kunyit dengan minyak hingga harum.', 'Masukkan air daging, santan, dan penyedap A Satu, aduk rata.', 'Larutkan tepung beras dengan sedikit air, tuang ke kuah, aduk terus hingga kental. Masukkan garam dan merica, koreksi rasa.', 'Bakar sate sebentar, tata di piring, siram kuah kental di atasnya.', 'Taburi bawang goreng sebelum disajikan.']",Lina,5 porsi,https://cookpad.com/id/resep/25791440
Genjer Sambal Tempe,"[' 4 ikat Genjer', '300 gr tempe', '3 batang daun bawang', '6 siung bawang putih', '6 siung bawang merah', '3 biji cabe merah', '10 biji rawit', '1 buah tomat', '2 ruas jempol kencur', '1 cm jahe', '1 cm lengkuas', 'secukupnya Garam dan bumbu kaldu', 'secukupnya Minyak']","['Potong-potong genjer, haluskan tempe, iris daun bawang', 'Iris"" cabe merah, rawit, dan tomat.', 'Geprek bawang putih, kencur, jahe dan lengkuas, iris bawang merah, panaskan minyak', 'Goreng geprekan bawang putih hingga wangi kemudian masukkan irisan bawang merah setelah layu masukkan irisan daun bawang', 'Masukkan irisan cabe""an dan tomat kemudian masukkan tempe', 'Aduk"" hingga tercampur rata dan matang, kemudian masukkan genjer', 'Beri garam dan bumbu secukupnya, biarkan proses memasak dan bumbu meresap', 'Tes rasa matikan kompor sajikan']",Chiensyn Kuliner  ,5 porsi,https://cookpad.com/id/resep/25715773
Gado-Gado Betawi,"['100 g Kacang tanah', '1 buah Tahu goreng', '1 potong Tempe goreng', '1 buah Kentang rebus', '1 buah Wortel', '5 batang Kacang panjang', '3 lembar Kol', '1 genggam Daun bayam', '2 siung Bawang putih', '2 buah Cabai merah', '2 sdm Gula Rose Brand', '1/2 sdt Penyedap rasa A Satu Rose Brand', '1/2 sdt Garam', '150 ml Air matang']","['Sangrai kacang tanah hingga harum, lalu haluskan bersama bawang putih dan cabai. Tambahkan gula, penyedap rasa, dan garam, aduk rata.', 'Tuang air panas sedikit demi sedikit, aduk hingga saus kacang mengental dan tetap hangat.', 'Potong-potong semua sayuran, tahu, tempe, dan kentang sesuai selera.', 'Tata sayuran, tahu, tempe, dan kentang di piring. Sajikan segera']",Lina,2 porsi,https://cookpad.com/id/resep/25791309
Mpek Mpek Dos,"['150 g Tepung beras', '50 g Tepung terigu', '200 g tapioka', '200 ml Air', '2 siung Bawang putih halus', '1 sdt Garam', '1/2 sdt Gula', '1/2 sdt Penyedap rasa', '1 butir Telur ayam (opsional)', 'secukupnya Minyak goreng']","['Campur tepung beras, tepung terigu, bawang putih, garam, gula, penyedap dan air aduk rata lalu panaskan kompir aduk2 sampai adonan menggumpal angkat dinginkan', 'Tambahkan 1 butir telur lalu aduk rata dan masukan sedikit demi sedikit tapioka, adonin hingga kalis', 'Bentuk adonan sesuai selera, bisa diisi telur jika suka.', 'Rebus mpek mpek dalam air mendidih hingga mengapung, angkat dan tiriskan.', 'Goreng mpek mpek hingga kuning keemasan.', 'Sajikan dengan cuko sesuai selera.']",lienature,2 porsi,https://cookpad.com/id/resep/25788413
Semur ayam kentang wortel,"['1/2 kg sayap ayam', '2 buah kentang', '1 buah wortel sedang', '1 1/2 buah tomat (opsional mau berapa)', '2 buah cabai merah', '2 buah cengkeh', '1/2 bunga bunga lawang', 'secukupnya Air', '6 siung bawang putih', '10 siung bawang merah', '1/2 pala', '1/2 sdt merica utuh', '1 sdt kecap asin', '3 sdm kecap manis', '1 sdt kaldu bubuk (atau sesuai selera)', '2 sdm gula', '1/2 sdm garam']","['Bersihkan ayam, kupas kentang dan wortel lalu cuci', 'Potong cabai merah dan tomat sesuai selera', 'Goreng kentang dan wortel setengah matang. Kemudian lakukan yang sama pada ayam', 'Haluskan bumbu. Tumis bumbu hingga harum', 'Setelah harum masukkan tomat dan cabai merah yang sudah dipotong', 'Setelah agak layu masukkan ayam', 'Tambahkan air. Setelah ayam matang, tambahkan kentang dan wortel', 'Beri seasoning dan masak hingga agak menyusut airnya', 'Tes rasa. Dan semur pun siap dihidangkan']",Umi Latifah,Unknown,https://cookpad.com/id/resep/25790363
Ayam Rica-Rica,"['4 potong ayam (disesuaikan)', '1/2 sdt merica', '1 sdt kaldu ayam', '2 sdt garam', '1-2 jeruk nipis', '5 siung bawang merah', '6 siung bawang putih', '8 cabe merah keriting (opsional)', '8 cabe rawit merah', '2 ruas jahe', '2 ruas kunyit', '5 kemiri', '3 lembar daun salam', '5 lembar daun jeruk', '2 serai (geprek)', ' Telur puyuh (opsional)', ' Gula']","['Bersihkan ayam, lalu marinasi dengan bumbu marinasi', 'Haluskan bumbu halus', 'Kemudian ayam yang sudah dimarinasi boleh digoreng terlebih dahulu', 'Rebus telur puyuh', 'Panaskan minyak, masukkan bumbu halus, daun salam, daun jeruk dan serai yang sudah digeprek. Masak hingga harum', 'Tambahkan ayam, kemudian masukkan sedikit air, masukkan garam, kaldu ayam dan gula. Masak dan rasa hingga rasanya sesuai', 'Setelah rasa sudah sesuai, matikan api, lalu sajikan']",Alifa Nisrina,Unknown,https://cookpad.com/id/resep/25790173
Sayur Lodeh Bumbu Ulek,"['secukupnya labu siam, jagung, terong, dan kacang panjang (atau bisa juga beli di supermarket 1 pack sayur lodeh)', 'secukupnya tempe atau tahu putih (opsional)', '5 siung bawang merah', '3 siung bawang putih', '3 btr kemiri, sangrai', '1/2 sdt ketumbar', '1/2 keping terasi (saya merek ABC)', '65 ml santan cair (kemasan segitiga)', '2 lbr daun salam', '1 ruas jempol lengkuas, geprek', '2 bh cabe hijau keriting, iris serong', '1 bh cabe merah keriting, iris serong', 'secukupnya gula, garam dan kaldu bubuk', 'secukupnya air untuk memasak']","['Haluskan semua bahan bumbu halus. Kemudian tumis bumbu halus dengan lengkuas juga daun salam hingga harum dan berubah warna.', 'Masukkan air ke dalam panci, masak jagung hingga setengah matang. Lalu masukkan bumbu yang sudah ditumis sebelumnya, garam, gula, dan kaldu bubuk. Aduk hingga merata.', 'Jika sudah, masukkan labu siam, terong, kacang panjang, tempe / tahu putih dan juga santan. Masak sayur hingga setengah matang. Untuk santan aduk terus sampai mendidih supaya tidak pecah santan.', 'Terakhir masukkan cabe hijau dan merah iris, aduk dan masak hingga layu. Koreksi rasa.', 'Sajikan.']",amelia fitri,Unknown,https://cookpad.com/id/resep/25785800
Sambal Terasi Tomat,"['7 Cabai merah panjang', '5 Cabai seret besar besar', '3 Cabai hijau adeknya cabai seret besar besar', '2 Tomat kecil', '1 Terasi kemasan permen', 'Secukupnya garam', 'secukupnya Penyedap rasa', 'secukupnya Gula', 'Sedikit Minyak', '4 Bawang merah', '3 bawang putih']","['Cuci bahannya,dan potong potong,terutama cabainya supaya ketika di tumis tidak meletup, kemudian tumis dengan minyak sedikit, apinya kecil saja', 'Bakar terasi, sampai menguat wangi terasinya', 'Kemudian di uleg uleg sampai halus atau sesuai selera, jangan lupa tambahkan garam, gula, dan penyedap rasa supaya tambah mantap, tes rasa, dan siap di sajikan']",Asmazieza,3 orang,https://cookpad.com/id/resep/25784919
Sambal Pete Ayam Suwir,"['250 g Dada ayam', '100 g Cabai merah', '5 siung Bawang merah', '3 siung Bawang putih', '3 lembar Daun jeruk', '2 batang Serai', '2 papan Petai', 'secukupnya Minyak goreng', 'secukupnya Garam', 'secukupnya Micin', 'secukupnya Royco', 'sedikit Gula']","['Rebus dada ayam hingga matang, lalu suwir-suwir.', 'Kupas petai dan potong sesuai selera.', 'Blender cabai, bawang merah, dan bawang putih.', 'Tumis daun jeruk dan serai dengan minyak hingga harum.', 'Masukkan bumbu halus, tumis hingga harum.', 'Tambahkan petai dan ayam suwir, aduk rata.', 'Bumbui dengan garam, micin, Royco, dan sedikit gula.', 'Tumis hingga matang, cek rasa, lalu matikan kompor.', 'Sajikan sambal petai ayam suwir.']",Yandi Surya,2 porsi,https://cookpad.com/id/resep/25789734
Sambal Cumi Pete,"['100 g Cabe', '3 siung Bawang putih', '5 siung Bawang merah', '4 lembar Daun jeruk', '3 batang Serai', '250 g Cumi', '2 papan Pete', 'secukupnya Minyak goreng', 'secukupnya Garam', 'secukupnya Micin', 'sedikit Roiko sapi/ayam', 'sedikit Gula']","['Blender cabe, bawang putih, dan bawang merah hingga halus.', 'Kupas pete dan potong cumi kecil-kecil.', 'Panaskan minyak, tumis daun jeruk dan serai hingga harum.', 'Masukkan bumbu halus, tumis sampai harum.', 'Tambahkan garam, micin, roiko, dan gula, tumis hingga 3/4 matang.', 'Masukkan cumi, masak sekitar 3 menit agar tidak alot.', 'Masukkan pete, aduk rata, matikan kompor, cek rasa.']",Yandi Surya,2 porsi,https://cookpad.com/id/resep/25789681
Garang Asem Ayam,"['8 potong Ayam, saya pakai bagian paha', '2 ruas Lengkuas, geprek', '2 batang Serai, geprek', '5 lembar Daun salam', '6 lembar Daun jeruk', '4 butir Tomat hijau, potong²', '10 Cabe rawit setan (sesuaikan)', '100 ml Santan Rose Brand', '800 ml Air', 'secukupnya Garam &amp; Gula', 'secukupnya Lada &amp; Kaldu rasa jamur/Penyedap', 'secukupnya Minyak Goreng Rose Brand untuk menumis', '8 siung Bawang putih', '14 butir Bawang merah', '2 ruas Jahe', 'secukupnya Daun pisang']","['Siapkan bahan².', 'Tumis bumbu halus dengan Minyak Goreng Rose Brand hingga harum. Masukkan serai, daun salam & daun jeruk. Tumis hingga bumbu matang.', 'Tuang air & Santan Rose Brand, aduk rata. Masukkan ayam, bumbui dengan garam, gula, lada bubuk & kaldu rasa jamur/penyedap. Masak hingga ayam matang & bumbu meresap, jangan lupa tes rasa ya.', 'Masukkan potongan tomat & cabe. Masak sebentar. Siapkan wadah tahan panas yang dilapisi dengan daun pisang. Masukkan ayam ke dalamnya + kuahnya juga. Tutup lagi dengan daun pisang. Kukus sekitar 30 menit. Angkat & sajikan panas/hangat.']",Pujani Handayani,4 orang,https://cookpad.com/id/resep/25788398
Sambal Kecombrang Teri Medan,"['1 ons teri medan', '15-20 butir bawang merah', '10 cabe merah keriting', '20 cabe rawit merah', '3 kuncup kecombrang', 'Secukupnya garam', 'Secukupnya minyak goreng', 'Secukupnya kaldu jamur']","['Goreng teri medan, sisihkan.', 'Ulek cabe dan bawang, setelah itu tumis. Setelah layu wangi, masukkan kecombrang yang telah di iris tipis², tumis sebentar dan masukkan air secukupnya supaya kecombrang menjadi lembut. Tambahkan kaldu jamur dan sedikit garam supaya rasanya balance.', 'Setelah air menyusut, masukkan teri medan, aduk. Cek rasa dan angkat.', 'Siap disantap bersama nasi hangat dan rebusan sayur atau labu siam.']",Rachel Sampouw,Unknown,https://cookpad.com/id/resep/25788983
Gado-gado Siram ala Surabaya,"['100 g kacang tanah (goreng atau panggang)', '3 buah cabai merah besar (goreng)', '5 siung bawang putih (goreng)', '1 kelereng asam tanpa biji', '50 g gula merah / gula aren (serut)', '35 ml santan kental (instan)', '350 ml air matang', '1 1/2 sdt garam', '1/2 sdt gula pasir', '50 g kentang rebus dikupas', '2 sdm kecap manis', '4 buah Lontong', '100 g Tauge rebus', '150 g Kacang panjang rebus', '200 g kentang rebus', '100 g Selada', '2 buah tomat', '1 buah timun', '2 butir telur rebus', ' Tahu goreng', ' Tempe goreng', ' Kerupuk', ' Bawang goreng']","['Masukkan kacang, bawang putih dan cabai merah yang sudah digoreng ke dalam blender. Masukkan juga asam tanpa biji, gula merah, air matang, santan, garam, dan gula pasir. Blender hingga halus.', 'Setelah halus, lalu masukkan kentang rebus dan kecap manis lalu blender lagi hingga halus.', 'Siapkan panci, lalu masak bumbu dengan api sedang. Aduk terus hingga bumbu meletup-letup lalu matikan api.', 'Siapkan piring, lalu susun isian gado-gado. Lalu siram dengan bumbu dan di taburi dengan bawang goreng dan kerupuk sebagai pelengkap.', 'Gado-gado ala Surabaya siap disajikan.']",Nakama Tales,4 porsi,https://cookpad.com/id/resep/25367142
Pecel terong sambal kencur,"['1 kg (-+8 buah) terong ungu', '10 buah cabe merah', '10 buah cabe rawit merah', '6 butir kemiri', '2 ruas kencur', '8 lembar daun jeruk', '10 siung bawang putih', '1 sdt garam', '1 sdm gula pasir', '60 gr gula Jawa', 'secukupnya trasi', '2 sct @65 ml santan kental', 'secukupnya air']","['Bakar terong diatas api kecil hingga matang lunak. Kemudian kupas kulit luarnya dan sisihkan.', 'Goreng cabai,bawang putih,kencur,kemiri,trasi sampai layu,angkat dan haluskan,tambahkan garam,gula dan micin', 'Tuang santan kedalam sambal aduk rata tambahkan air secukupnya', 'Siram terong yg sudah dibakar dan dikupas tadi dengan sambal kencur dan siap dihidangkan.bisa ditambahkan tempe bakar dan telur rebus sebagai pelengkap.']",Puput ,8 porsi,https://cookpad.com/id/resep/25788195
Soto sapi bening,"['500 gram daging sapi', '2 buah Wortel', '1 ruas lengkuas', '2 lembar daun salam', '5 lembar daun jeruk', '1 batang serai', '1 bungkus masako sapi', '1 sdm garam', '1 bungkus ladaku', 'Sedikit sasa', '1 bungkus desaku bawang putih bubuk', '1 batang seledri', '1 batang daun bawang', '6 siung bawang merah', '4 siung bawang putih', '1 ruas jahe']","['Presto daging selama setengah jam', 'Tumis bumbu halus lalu masukan salam serai lengkuas dan daun jeruk masukan ke air mendidih', 'Masukan daging dan potongan wortel', 'Setelah empuk masukan garam ladaku masako dan bawang putih bubuk koreksi rasa', 'Terakhir masukan potongan seledri dan daun bawang']",Sari Oktavia,Unknown,https://cookpad.com/id/resep/25787946
Gulai daun singkong telur tahu,"['Secukupnya daun singkong (rebus)', '8 butir Telur (Rebus)', '8 buah Tahu coklat', '800 ml air', '1 buah santan Rose Brand @65ml', '1 sdt micin Asatu Rose Brand', '1 sdt garam', '2 Lembar daun salam', '1 btng sereh', '5 buah cabai merah', '2 buah cabai rawit', '7 siung bawang merah', '3 siung bawang putih', '1 sdt ketumbar', '1 ruas kunyit, jahe dan lengkuas']","['Rebus daun singkong dan telur terlebih dahulu. Lalu buat bumbu halus.', 'Tumis bumbu halus setelah harum dan matang masukan kedalam panci yang berisi daun singkong, air dan santan Rose Brand. Beri bumbu seasoning dan jangan lupa tambahkan micin Asatu Rose Brand', 'Jangan lupa Masukan tahu coklat masak hingga matang dan rasanya balance']",Dita Zuhria,1panci,https://cookpad.com/id/resep/25787927
Pempek sarden,"['1/2 kg ikan sarden giling', '3/4 air(aku pakai cangkir plastik warna warni)', '1,5 SDM garam', '1/2 SDM penyedap', '600 gram sagu tani']","['Didihkan air untuk merebus pempek', 'Campurkan ikan giling dan air, serta penyedap. Aduk hingga rata', 'Masukkan garam dan aduk kembali, lalu tambahkan sagu sebanyak 400 gram(buat 2 bertahap)', 'Uleni adonan dan buat beberapa bagian untuk di bentuk pempek lenjeran besar', 'Saat mengulang, tambahkan sisa sagu tani sedikit demi sedikit', 'Rebus ke dalam panci yang berisi air tadi', 'Rebus selama 15 menit atau pempek mengambang', 'Angkat dan tiriskan', 'Potong potong dan goreng pempek. Pempek siap disajikan.bersama cuko']",Lan WuLan,8 orang,https://cookpad.com/id/resep/25787834
Opor Ayam,"['1 kg Ayam (bagian paha/dada)', '200 ml Santan Rose Brand', '3 butir Kemiri', '1 sdt Ketumbar', '3 siung Bawang putih', '5 siung Bawang merah', '2 cm Kunyit', '2 cm Jahe', '1 batang Serai', '2 lembar Daun salam', '1 sdt Garam', '1/2 sdt Gula', '300 ml Air']","['Sangrai kemiri dan ketumbar hingga harum, lalu haluskan bersama bawang, kunyit, jahe. Tumis bumbu halus hingga wangi.', 'Masukkan ayam, aduk rata dengan bumbu.', 'Tambahkan air, serai, daun salam, garam, gula. Masak api kecil hingga ayam empuk.', 'Tuang santan Rose Brand, aduk perlahan. Masak api kecil, jangan sampai santan pecah.', 'Koreksi rasa, angkat dan sajikan.']",Lina,2 porsi,https://cookpad.com/id/resep/25787829
Serabi Solo,"['100 g Tepung beras Rose Brand', '150 ml Santan Rose Brand', '30 g Gula pasir', '1 sdm Air daun pandan atau pasta pandan', '1/4 sdt Garam']","['Campur tepung beras, gula, dan garam dalam wadah. Tambahkan santan dan air daun pandan, aduk rata hingga adonan licin.', 'Panaskan wajan hingga benar-benar panas.', 'Tuang adonan ke wajan, putar agar pinggirannya tipis. Kecilkan api, masak hingga pinggir garing dan tengah matang.', 'Angkat dan sajikan hangat.']",Lina,5 porsi,https://cookpad.com/id/resep/25787793
Sayur Lodeh Triple T (Tahu Terong Tempe),"['50 buah tahu pong ukuran kecil', '8 siung bawang merah', '6 siung bawang putih', '2 buah cabe merah besar', '5 buah cabe rawit', '1 papan tempe ukuran sedang', '4 buah terong ungu', '250 gr kacang panjang', '4 lembar daun salam', '2 batang serai', '3 ruas lengkuas', '600 ml santan (aku pake 3 bungkus santan kara)', '1500 ml air matang', 'Secukupnya minyak goreng', '1 sdm kaldu ayam', '1 sdm gula', '1 sdm garam']","['Bersihkan bawang merah, bawang putih, cabe merah besar dan cabe rawit kemudian iris tipis sisihkan. (Bumbu A)', 'Cuci bersih tahu pong kemudian sisihkan. Potong dadu tempe sisihkan. Potong terong dan kacang panjang kemudian cuci bersih dan sisihkan.', 'Cuci bersih daun salam, serai dan lengkuas yang sudah di geprek. (Bumbu B)', 'Panaskan minyak secukupnya kemudian goreng sebentar tempe sisihkan ke sisi tepi kuali, kemudian tumis bumbu A hingga harum. Aduk rata tumisan kemudian masukan terong dan kacang panjang dan tahu pong. Aduk rata. Kemudian tambahkan bumbu B. Aduk rata.', 'Masukkan air, santan, gula, garam dan kaldu ayam kemudian aduk rata. Tunggu hingga sayur matang kemudian matikan api dan sajikan 🥰']",Selly Dwi Oktari,Unknown,https://cookpad.com/id/resep/25787713
Ikan Balado Terong Ungu,"['1 ekor Ikan potong 3 bagian lalu cuci bersih, lumuri dgn garam + jeruk nipis, llu diamkan 10 menit. Cuci lagi, tepuk-tepuk pakai tisu dapur biar kering sebelum digoreng. Ikan kering= gk gampang hancur', '1 buah Terong besar, potong serong ketebalan 2 cm', 'secukupnya Minyak goreng', '10 buah Cabai merah keriting - pedasnya pas, warna bagus', '2 buah Cabai rawit merah - kalau mau lebih pedas bisa ditambah', '8 siung Bawang merah', '4 siung Bawang putih', '1 buah Tomat merah besar', '1 sdt Garam', '1 sdt Gula pasir - penyeimbang rasa', '1/2 sdt Penyedap opsional']","['Siapkan bahan', 'Goreng ikan sampai kering luarnya tapi nggak gosong. Kering luar = bumbu nggak bikin lembek.', 'Goreng terong sebentar 2 sd 3 menit per sisi, sampai layu dan pinggirannya kecoklatan. Tips: tabur garam dulu 10 menit, bilas, peras. Terong nggak nyerap minyak banyak.', 'Tiriskan', 'Haluskan semua bumbu, tumis pakai api kecil dengan 3 sdm minyak bekas goreng. \nTumis 8-10 menit sampai minyaknya pisah dan warnanya jadi merah tua. Kalau bumbu masih mentah, baladonya langu dan cepat basi. \nTanda udah matang: aromanya wangi, nggak nyegrak, dan warna merahnya keluar.', 'Masukin ikan dan terong yang udah digoreng. Aduk pakai api besar 1-2 menit aja. Tujuannya biar bumbu nempel tapi ikan dan terong tetap kering. \nJangan kelamaan, nanti lembek.', 'Tes rasa. Kalau mau ada asam segar, tambahin 1 sdt air jeruk nipis pas udah mau diangkat.', 'Sepiring Nasi Ikan Balado dan Terong Balado ini udah siap bikin makan siang jadi nggak bisa ditolak 😋']",ATIKA WAHYU,Unknown,https://cookpad.com/id/resep/25787512
Sate Tempe Rangkayo Hitam khas Jambi,"['1/2 papan Tempe, potong dadu', '2 lembar Daun salam', '2 lembar Daun jeruk', '6 sdm Santan Rose Brand', '3 sdm Kecap manis', '1 sdm Gula merah', 'secukupnya Garam', 'secukupnya Air', 'secukupnya Minyak Goreng Rose Brand untuk menumis', '4 siung Bawang putih', '3 butir Bawang merah', '25 g Kacang tanah goreng/panggang', '1 sdt Ketumbar bubuk', '5 buah Cabe merah keriting', ' Bawang goreng', ' Jeruk limau']","['Siapkan bahan².', 'Tumis bumbu halus dengan Minyak Goreng Rose Brand hingga bumbu harum. Masukkan daun jeruk & daun salam, tumis hingga bumbu matang.', 'Tuang Santan Rose Brand, kecap, gula merah & garam. Aduk², jangan lupa tes rasa ya.', 'Masukkan tempe, tuang air jika perlu. Masak sebentar hingga bumbu menyerap. Matikan api & biarkan hangat.', 'Tusuk tempe dengan tusukan sate, lakukan hingga selesai. Panggang di teflon. Angkat & sajikan.']",Pujani Handayani,6 orang,https://cookpad.com/id/resep/25783913
Balado Terong Ungu,"['4 buah terong ungu ukuran kecil', '5 siung bawang merah', '2 siung bawang putih', '10 butir cabai merah', '1 butir kemiri', 'Secukupnya penyedap rasa', 'Secukupnya kecap manis']","['Setelah dicuci bersih, haluskan/blender bawang merah, bawang putih, cabai merah, kemiri', 'Potong terong ungu memanjang atau sesuai selera. Lalu cuci bersih.', 'Goreng terong ungu setengah matang.', 'Panaskan minyak lalu oseng-oseng sampai matang bumbu yang telah dihaluskan/diblender.', 'Tambahkan penyedap rasa dan kecap manis. Koreksi rasa.', 'Masukkan terong ungu yang telah digoreng. Aduk hingga merata dan Balado Terong Ungu siap untuk dihidangkan.']",Mey Silvianti,4 porsi,https://cookpad.com/id/resep/25787614
Nasi Kuning Jadul Rice Cooker,"['3 sdm garam (sesuai selera asinnya)', '1 ruas jari kunyit', '5 lembar daun jeruk', '1 batang serai', '2 liter santan kental', '1,5 liter Beras', '5 siung bawang putih']","['Cuci bersih beras, kemudian tiriskan dan masukkan rice cooker', 'Haluskan kunyit dan bawang putih', 'Masukkan bumbu dan santan ke rice cooker yang berisi besar, kemudian tekan tombol cook', 'Tunggu kurang lebih 40 menit sampai lampu indikator di tombol warm', 'Aduk-aduk nasi agar warna kuning tercampur rata pada nasi. Dan nasi siap di santap bersama keluarga.']",Aminah Habibie,15 porsi,https://cookpad.com/id/resep/25787503
Gado Gado,"['1 ikat kangkung', '1 ikat daun singkong', '2 batang wortel', '1 potong kol', '1 bungkus toge', '1 bungkus kacang tanah', '1 potong gula merah', '5 cabe merah', '2 siung bawang putih', '1/2 sdm garam', '1/2 sdt A satu rose brand', '1/2 sdt gula pasir', '50 ml air asam jawa']","['Rebus semua sayuran sisihkan goreng kacang sampe matang', 'Lalu haluskan beri cabe bawang putih beri garam gula merah blender sampe halus', 'Campurkan sayuran dengan bumbu lalu sajikan']","Yuni Kurniasih,",3 porsi,https://cookpad.com/id/resep/25786828
Semur Tahu Betawi,"['1 bungkus tahu coklat', '2 siung bawang putih, iris', '4 siung bawang merah, iris', '2 buah cabai merah, iris menyerong', '1 buah tomat merah, potong sesuai selera', '1 buah sereh, geprek', '1 ruas jahe, parut', 'Secukupnya air', 'Secukupnya kecap', 'Secukupnya garam', 'Secukupnya minyak goreng Rose Brand']","['Siapkan bahan, tumis semua bumbu hingga harum dengan menggunakan minyak goreng Rose Brand', 'Masukkan tahu, oseng2 sebentar lalu tambahkan air.', 'Setelah mendidih, masukkan kecap dan garam. Biarkan air menyusut. Koreksi rasa. Hidangkan bersama lauk lainnya.']",Anggia Hapsari,4 orang,https://cookpad.com/id/resep/25781353
Terong Balado Korea 🇰🇷,"['2 sdm Kecap asin', '1 sdt Gochugaru', '1/2 sdm Bawang putih cincang', '1 sdm Saus tiram', '1/2 sdm Gula', '1 jumput Merica', '1 sdm Cooking Wine', '3 bh Terong', '1/2 bh Bawang Bombay', '1/4 btg Daun bawang', '1 bh Cabe merah', '1 bh Cabe ijo', '2 sdm Minyak goreng']","['Siapkan semua bahan. Potong terong, daun bawang, bawang bombay, cabe merah dan cabe ijo sesuai selera.', 'Masukkan semua bumbu ke dalam mangkuk, kemudian aduk rata. Panaskan minyak goreng.', 'Tumis bawang bombay dan daun bawang sampai harum di api sedang. Masukkan terong dan bumbu, kemudian aduk sampai tercampur rata. Kalau sudah setengah matang, masukkan irisan cabe dan aduk kembali sampai tercampur rata. Jika sudah matang Terong balado Korea siap untuk di sajikan.']",Sarah Kuswinarningtias,Unknown,https://cookpad.com/id/resep/25767776
Sambal kerang kecombrang,"['7 bawang merah', '4 bawang putih', '4 buah cabe keriting', '7 buah cabe rawit', 'Secukupnya kerang hijau/ dara yang sudah dibersihkan', 'secukupnya Garam', 'secukupnya gula', 'secukupnya lada', '3 lembar daun jeruk', ' batang sereh', ' bunga kecombrang', '1 buah Tomat (optional)']","['Chopper kasar bawang merah, bawang putih, cabe keriting dan cabe rawit', 'Iris tipis sereh dan kecombrang', 'Tumis semua bahan', 'Masukkan gula garam lada secukupnya', 'Koreksi rasa dan tumis sambal kerang kecombrang siap disantap']",imaa,2 orang,https://cookpad.com/id/resep/25787036
13. Sambal Kacang Tahu,"['100 gram kacang tanah', '2 siung bawang putih', '5 biji cabai rawit', '4 sdm kecap manis', '5 kotak tahu goreng', 'secukupnya sayur kol', 'secukupnya garam', 'secukupnya air']","['Goreng kacang tanah dan bawang putih, taruh cobek masukkan cabai rawit, garam, uleg sampai halus tambahkan air, lalu tambahkan kecap manis.', 'Goreng tahu hingga kering', 'Rebus sayur kol hingga lunak, tiriskan', 'Iris tahu goreng, masukkan ke dalam sambal kacang, aduk hingga tahu rata dengan sambal kacang, masukkan sayur kol rebus, siap untuk dinikmati']",Ainur Rosyda,3 orang,https://cookpad.com/id/resep/25786865
Ayam Rica-Rica Pedas Manis,"['4 potong paha pentung ayam', '10 buah bawang merah', '5 siung bawang putih', '3 butir kemiri', '8 buah cabe keriting', '10 buah cabe rawit', 'Sedikit gula merah', '4 sdm saus sambal', '5 sdm kecap manis', 'secukupnya Garam', 'secukupnya Penyedap', 'secukupnya Daun salam', 'secukupnya Masako', 'Secukupnya Minyak untuk menumis &amp; menggoreng']","['Rebus paha ayam bersama daun salam, garam, dan sedikit masako sekitar 10 menit supaya ayam lebih gurih dan tidak amis.', 'Angkat lalu goreng sebentar sampai bagian luar ayam agak kecoklatan. Tidak perlu terlalu kering.', 'Blender bawang merah, bawang putih, kemiri, cabe keriting, dan cabe rawit sampai halus.', 'Panaskan minyak agak banyak, lalu tumis bumbu halus sampai benar-benar tanak, harum, dan minyaknya mulai merah keluar.', 'Tambahkan sedikit gula merah, saus sambal, kecap manis, garam, dan penyedap. Aduk rata lalu koreksi rasa.', 'Masukkan ayam goreng ke dalam sambal, aduk sampai semua bagian terbalut bumbu.', 'Masak dengan api kecil sampai bumbu menyerap dan sedikit mengental. Kalau suka agak becek dan berminyak seperti di foto, biarkan sedikit kuah minyak sambalnya.']",Rieska Alfiah,Unknown,https://cookpad.com/id/resep/25785263
Semur Jengkol Pedas Manis,"['500 gr jengkol,rebus,geprek,sisihkan', '3 lembar daun salam', 'Sejempol lengkuas', '6 sdm kecap manis', 'Secukupnya garam,gula,totole', '1/2 keping gula jawa', '300 ml air', 'Secukupnya minyak', '7 siung bawang merah', '4 siung bawang putih', '10 buah cabe keriting', '3 cabe rawit', '3 buah kemiri', '1/2 sdm ketumbar', '1/2 sdm lada', 'Secukupnya minyak untuk menumis']","['Tumis bumbu halus,daun salam dan lengkuas.masak hingga bumbu matang', 'Masukan garam,totole,gula,gula jawa,kecap manis, tambahkan air.koreksi rasa.', 'Jika sudah pas,masukan jengkol yang sudah direbus.masak hingga bumbu meresap.sajikan']",Dapur Tabby,Unknown,https://cookpad.com/id/resep/25784108
Nasi kuning,"['2 takar beras', '1 SASET bumbu instan nasi kuning', '1 SASET santan Rose Brand', '1 serai', '1 sdt micin A satu Rose Brand', '1 sdm gula pasir Rose Brand', ' Pelengkap:', ' Bihun goreng', ' Telur dadar', ' Kemangi', ' Emping goreng']","['Cuci beras,beri serai dan bumbu instan nasi kuning', 'Beri air', 'Tambahkan santan Rose Brand,dan gula pasir Rose Brand', 'Beri micin A satu Rose Brand,aduk. Masak sampai matang', 'Sajikan dengan telur dadar,bihun dan kemangi serta emping']",Ratna Rasuan ,2 porsi,https://cookpad.com/id/resep/25782300
Ayam Woku Kemangi,"['800 gr ayam potong', '1 ikat kemangi, siangi', '4 lembar daun salam', '4 lembar daun jeruk', '2 batang sereh, potong2 dan geprek', '700 ml air', '1 sdt garam', '1 sachet kecil kaldu bubuk', '1 sdm gula pasir', '1 sdt lada bubuk', 'Secukupnya minyak goreng untuk tumis', ' Bumbu Giling:', '5 siung bawang merah', '4 siung bawang putih', '3 cm kunyit', '2 cm jahe', '2 butir kemiri', '1 sdt chili powder']","['Tumis bumbu giling, sereh, daun salam, dan daun jeruk sampe harum.', 'Masukkan ayam lalu aduk sampe berubah warna.', 'Tambahkan air dan tutup sampe mendidih', 'Masukkan perbumbuan lalu aduk dan tutup lagi sampe mateng lalu test rasa.', 'Masukkan daun kemangi lalu aduk dan tunggu sampe aromanya keluar.']",sari dewi,6 - 8 orang,https://cookpad.com/id/resep/25783487
Ikan Kembung Masak Woku,"['5 biji ikan kembung', '2 btg serai dimemarkan', '2 lbr daun kunyit iris halus', '1 lbr daun pandan, potong jadi 3', '6 lbr daun jeruk', '1 sdm air jeruk nipis', '1 genggam daun kemangi', '2 biji asem jawa', 'secukupnya garam', 'secukupnya gula', 'secukupnya penyedap rasa', 'secukupnya minyak goreng', 'secukupnya air', '12 siung bawang merah', '5 siung bawang putih', '3 cm jahe', '4 cm kunyit', '3 bh tomat', '3 buah cabe besar merah', '5 cabe rawit']","['Ikan kembung dicuci bersih dan dipotong jadi 2 bagian diberi garam dan jeruk nipis di diam selama 15 menit dan siapkan. semua bahan', 'Tumis bumbu halus bersama bumbu daun sampai layu dan wangi kecuali daun kemangi di akhir', 'Beri air dan tunggu sampai mendidih baru masukan ikan kembung dan beri garam, gula dan penyedap rasa aduk rata dan masuk asem Jawa', 'Jika air sudah menyusut dan meresap ke ikannya beri irisan tomat dan kemangi tes rasa dan sudah matang siap di sajikan']",Imas dhapin,3 porsi,https://cookpad.com/id/resep/25783419
72. Rica-rica Ayam & Tahu Tempe,"['1/2 kg daging ayam', '1 bungkus tempe', '1 bungkus tahu putih', '1 ruas jari lengkuas', '1 ruas jari jahe', '1 batang sereh', '2 sachet Kecap manis', 'secukupnya lada', 'secukupnya air', '1/3 sdm garam', '1 sdm penyedap rasa', '7 buah cabai belis', '3 siung bawang putih', '5 siung bawang merah', 'secukupnya daun kemangi', '3 sdm minyak goreng']","['Cuci bersih ayam sampai mendidih airnya', 'Haluskan bumbu, geprek jahe, lengkuas, dan serehnya kemudian tumis dengan minyak goreng secukupnya tidak perlu banyak² (3 sdm) sampai harum', 'Tambahkan air dan bumbu² lainnya. Masukkan ayamnya, rendam sampai empuk dan bumbu meresap. Jangan lupa koreksi rasa kurang apa atau sudah pas sesuai selera', 'Naah untuk tahu tempenya dimasukkan terakhir kalau aku. Yang penting ayamnya empuk dulu. Karena tempe dan tahu juga cepat meresapnya dan ini juga sudah digoreng sebelumnya ya. Tinggal tambahkan air kalau habis kuahnya', 'Ulalaa, alhamdulillah sudah jadi deh rica-rica ayamnya. Mudah kan? ☺️👌🏻']",Recipe Note ,6 orang,https://cookpad.com/id/resep/25783339
Pempek lele homemade,"['100 gr ikan lele fillet', '200 gr tapioka', '3 putih telur', '1 sachet santan instan', '1 sdt garam', '1/2 sdt gula', 'secukupnya Bawang prei', ' Penyedap jika ingin (saya tidak menggunakan, karena sudah gurih dari santan)', ' Cuko (next resep)']","['Fillet lele, hancurkan, lalu Campur semua bahan menjadi satu', 'Siapkan cetakan silikon, olesi dengan minyak, panaskan dandang,', 'Kukus selama 30 menit. Pempek siap disajikan']",Alfin Assanthi,5 orang,https://cookpad.com/id/resep/25783315
Sayur lodeh udang manisa,"['1 bungkus udang (ukuran sedang)', '1/2 sayur manisa', '1 papan tempe(ukuran kecil)', '1 tahu (ukuran kecil)', '1 bngks santan instant', '1 sdt garam', '1/2 sdt penyedap', '2 lmbr daun jeruk', ' Minyak goreng', '5 bawang merah', '3 bawang putih', '1/2 ruas jari jahe', '1/2 ruasjari lengkuas', '1 ruas jari kunyit', '2 cabe merah', '5 cabe kecil', '1 sdt ketumbar', 'sejumput jinten', '3 biji kemiri']","['Kupas semua kulit udang, lalu bersihkan. Kupas kulit manisa lalu potong menyerong, beri garam lalu remas² manisa agar layu, bilas dengan air.', 'Potong dadu tahu dan tempe kemudian goreng setengah matang.', 'Blender semua bumbu halus, gongso bumbu dengan sedikit minyak sisa penggorengan tahu sampai tanak. Tambahkan daun jeruk, garam, penyedap.', 'Jika sudah tanak masukan manisa, dan udang aduk sampai bumbu meresap, lalu tambahkan santan instant dan air.', 'Masukan tahu dan tempe lalu aduk', 'Koreksi rasa, masak sampai mendidih. Dan jika sudah matang bisa di sajikan']",Dwi Lina Pratiwi,Unknown,https://cookpad.com/id/resep/25783232
Tumis Sawi Putih Bakso,"['1 bonggol sawi putih', '2-3 siung bawang merah, iris tipis', ' Cabai merah, iris kecil', '6 butir Bakso sapi, iris kecil', 'secukupnya Garam', 'secukupnya Merica', 'secukupnya Saus tiram']","['Potong semua bahan', 'Tumis bawang merah hingga harum', 'Masukkan bakso', 'Masukkan sawi', 'Tambahkan bumbu-bumbu (garam, merica, saus tiram)', 'Aduk rata', 'Tambahkan cabai yg sudah dipotong', 'Aduk rata kembali hingga sawi agak layu']",bunbunakirakenji,Unknown,https://cookpad.com/id/resep/25782601
Pempek Putih Telur,"['800 gr putih telur', '400 gr tepung tapioka', '2 batang daun bawang', '5 siung bawang putih', '1 bungkus bawang putih bubuk', '2 bungkus merica bubuk', '2 bungkus penyedap rasa ayam', 'secukupnya Garam', ' Bumbu Cuko :', '20 biji Cabai Rawit Nano', '15 biji Cabai Rawit', '10 siung Bawang putih', '500 gr gula merah', '2 sdm asam jawa', '2 sdm gula pasir', '2 sdm cuka']","['Blender putih telur, bawang putih, bawang putih bubuk, merica bubuk, penyedap rasa ayam, garam dan tepung tapioka hingga halus', 'Beri daun bawang dan aduk rata', 'Tuang kedalam cetakan yang sudah diolesi minyak goreng tipis.', 'Kukus selama kurang lebih 30 menit atau hingga adonan padat', 'Setelah matang, dinginkan. Lalu keluarkan dari cetakan dan potong-potong sesuai selera.', 'Goreng pempek yang direbus tadi secukupnya. Sisanya bisa di frozenkan.', 'Goreng hingga kecoklatan. Sisihkan', 'Untuk membuat cuko nya :', 'Haluskan cabai rawit, cabai nano dan bawang putih.', 'Iris-iris gula merah.', 'Campur gula merah dan bumbu yang sudah dihaluskan', 'Lalu tuang air secukupnya, masukkan cuka, gula pasir dan asam jawa.', 'Masak hingga gula larut dan mendidih. Koreksi rasa.', 'Setelah mendidih matikan kompor. Dan saring cuko kedalam wadah.', 'Tuang cuko secukupnya ke pempek yang sudah digoreng tadi. Siap disajikan']",Puri Ervita,5 orang,https://cookpad.com/id/resep/25781859
Sop Ayam Bakso,"['1 bagian dada Ayam (potong kecil-kecil)', '2 buah Kentang', '1 buah Wortel', '2 bungkus telur puyuh', 'secukupnya Bakso', '1/4 kol', 'secukupnya Daun sop', 'secukupnya Bawang goreng', '1 bungkus merica bubuk', '1 bungkus penyedap rasa ayam', 'secukupnya Garam', ' Bumbu Halus :', '10 siung bawang merah', '8 siung bawang putih', ' Bumbu iris halus:', '2 siung bawang putih di cincang halus']","['Bersihkan ayam. Lalu sisihkan', 'Rebus telur puyuh hingga matang, kupas lalu sisihkan', 'Belah bakso menjadi 4 bagian', 'Potong kentang dan wortel. Sisihkan', 'Haluskan bawang merah dan bawang putih. Sisihkan', 'Cincang halus bawang putih. Sisihkan', 'Tumis bawang putih cincang hingga harum. Lalu masukkan bumbu yang sudah dihaluskan hingga matang dan harum', 'Masukkan ayam, aduk hingga rata.', 'Masukkan air secukupnya, masukkan garam, penyedap rasa ayam, dan merica bubuk.', 'Biarkan mendidih dan ayam matang. Koreksi rasa', 'Masukkan wortel dan masak sampai setengah matang, lalu masukkan kentang. Masak hingga wortel dan kentang matang', 'Masukkan kol, bakso, dan telur puyuh, aduk sebentar.', 'Setelah semuanya matang, dan rasanya sudah pas.', 'Masukkan daun sop yang sudah diiris halus. Dan taburkan bawang goreng', 'Sop ayam siap dihidangkan']",Puri Ervita,5 orang,https://cookpad.com/id/resep/25781835
Oseng Pindang Bawang Pete,"['3 keranjang ikan pindang uk kecil', '1 batang pete', '1 sdm saori', '1 sdm saos raja rasa', '1 sdm kecap manis', '1 batang daun bawang', 'Secukupnya gula garam dan kaldu jamur', 'secukupnya Minyak goreng', '20 siung bawang merah utuh uk kecil', '2 siung bawang putih (iris tipis)', '2 buah cabe merah besar', '6 buah cabe rawit', '2 buah tomat', '1 ruas lengkuas (geprek)']","['Cuci bersih ikan pindangnya', 'Goreng ikan pindang hingga kecoklatan. Boleh di goreng kering boleh setengah matang, sesuai selera.', 'Potong iris dan rajang bahan bawang dan lainnya.', 'Tumis perbawangan dan cabai hingga harum.', 'Masukkan ikan pindang yg sudah di goreng tadi ke dalam tumisan bawang. Lalu beri bahan-bahan yang lainnya. Koreksi rasa.', 'Masukkan pete, tomat dan juga irisan daun bawang. Aduk-aduk hingga merata.', 'Bila di rasa sudah selesai matikan kompor, lalu sajikan.', 'Oseng pindang bawang pete siap untuk di nikmati. Selamat mencoba 😉']",Indah Karunia,4 orang,https://cookpad.com/id/resep/25781811
Cah Caisim Bakso Ikan,"['1 ikat caisim', '5-10 bj bakso ikan, potong sesuai selera', '2 siung bawang putih', '1 sdm Minyak untuk menumis', '1/2 sdt tepung maizena dilarutkan dengan 2 sdm air', '300 ml air (sesuai selera)', '1 sdm saus tiram', 'Secukupnya garam, gula, lada']","['Didihkan air diberi garam\nMasukkan sawi, masak hingga matang. \nTiriskan.\n Pindahkan ke piring saji', 'Panaskan minyak, tumis bawput sampai harum. \nMasukkan bakso ikan, tambahkan air panas, biarkan mendidih.\nTambahkan garam, gula, saus tiram. \nKoreksi rasa.', 'Masukkan campuran air dan maizena, aduk dan biarkan mendidih. \nSetelah itu tuangkan ke atas sayur. \nSajikan hangat.']",Gina,2-3 orang,https://cookpad.com/id/resep/16472492
Cue Balado,"['5 slice ikan cue', '7 cabai merah/rawit', '4 siung bawang merah', '2 siung bawang putih', '1 kemiri', 'secukupnya Garam', 'secukupnya gula', 'secukupnya Royco']","['Goreng dulu ikan cue hingga kecokelatan. lalu angkat dan tiriskan.', 'Haluskan cabai, bawang merah, bawang putih, kemiri, dan garam secukupnya', 'Jika sudah halus, tumis bumbu hingga matang.', 'Masukkan cue tadi ke dalam wajan, aduk-aduk, dan tambahkan sedikit air. tambahkan juga gula, Royco, penyedap rasa secukupnya.', 'Koreksi rasa, jika sudah pas, bisa dihidangkan.']",RIANA NURLITA,Unknown,https://cookpad.com/id/resep/25781672
